File,Timestamp,Acceleration_X,Acceleration_Y,Acceleration_Z,Altitude,Ambient_Temp,GPS_Fix,Humidity,Infrared,Latitude,Light,Longitude,Magnetometer_X,Magnetometer_Y,Magnetometer_Z,Probe_Temp,Visible
new_file,07/16/2024 15:12:49.629755,0,0,0,0,0,0,0,0,0,0,0,0,0,0,18.67,0
new_file,07/16/2024 15:13:49.629755,0,0,0,0,0,0,0,0,0,0,0,0,0,0,17.4,0
new_file,07/16/2024 15:14:49.629755,0,0,0,0,0,0,0,0,0,0,0,0,0,0,16.71,0
new_file,07/16/2024 15:15:49.629755,0,0,0,0,0,0,0,0,0,0,0,0,0,0,18.07,0
new_file,07/16/2024 15:16:49.629755,0,0,0,0,0,0,0,0,0,0,0,0,0,0,16.68,0
new_file,07/16/2024 15:17:49.629755,0,0,0,0,0,0,0,0,0,0,0,0,0,0,16.29,0
new_file,07/16/2024 15:18:49.629755,0,0,0,0,0,0,0,0,0,0,0,0,0,0,19.83,0
new_file,07/16/2024 15:19:49.629755,0,0,0,0,0,0,0,0,0,0,0,0,0,0,17.77,0
new_file,07/16/2024 15:20:49.629755,0,0,0,0,0,0,0,0,0,0,0,0,0,0,17.11,0
new_file,07/16/2024 15:21:49.629755,0,0,0,0,0,0,0,0,0,0,0,0,0,0,18.18,0
new_file,07/16/2024 15:22:49.629755,0,0,0,0,0,0,0,0,0,0,0,0,0,0,18.27,0
new_file,07/16/2024 15:23:49.629755,0,0,0,0,0,0,0,0,0,0,0,0,0,0,16.57,0
new_file,07/16/2024 15:24:49.629755,0,0,0,0,0,0,0,0,0,0,0,0,0,0,18.43,0
new_file,07/16/2024 15:25:49.629755,0,0,0,0,0,0,0,0,0,0,0,0,0,0,17.23,0
new_file,07/16/2024 15:26:49.629755,0,0,0,0,0,0,0,0,0,0,0,0,0,0,17.69,0
new_file,07/16/2024 15:27:49.629755,0,0,0,0,0,0,0,0,0,0,0,0,0,0,18.69,0
new_file,07/16/2024 15:28:49.629755,0,0,0,0,0,0,0,0,0,0,0,0,0,0,18.17,0
new_file,07/16/2024 15:29:49.629755,0,0,0,0,0,0,0,0,0,0,0,0,0,0,16.85,0
new_file,07/16/2024 15:30:49.629755,0,0,0,0,0,0,0,0,0,0,0,0,0,0,16.05,0
new_file,07/16/2024 15:31:49.629755,0,0,0,0,0,0,0,0,0,0,0,0,0,0,19.65,0
new_file,07/16/2024 15:32:49.629755,0,0,0,0,0,0,0,0,0,0,0,0,0,0,16.82,0
new_file,07/16/2024 15:33:49.629755,0,0,0,0,0,0,0,0,0,0,0,0,0,0,18.5,0
new_file,07/16/2024 15:34:49.629755,0,0,0,0,0,0,0,0,0,0,0,0,0,0,18.42,0
new_file,07/16/2024 15:35:49.629755,0,0,0,0,0,0,0,0,0,0,0,0,0,0,19.93,0
new_file,07/16/2024 15:36:49.629755,0,0,0,0,0,0,0,0,0,0,0,0,0,0,19.98,0
new_file,07/16/2024 15:37:49.629755,0,0,0,0,0,0,0,0,0,0,0,0,0,0,19.76,0
new_file,07/16/2024 15:38:49.629755,0,0,0,0,0,0,0,0,0,0,0,0,0,0,18.65,0
new_file,07/16/2024 15:39:49.629755,0,0,0,0,0,0,0,0,0,0,0,0,0,0,17.75,0
new_file,07/16/2024 15:40:49.629755,0,0,0,0,0,0,0,0,0,0,0,0,0,0,18.45,0
new_file,07/16/2024 15:41:49.629755,0,0,0,0,0,0,0,0,0,0,0,0,0,0,16.55,0
new_file,07/16/2024 15:42:49.629755,0,0,0,0,0,0,0,0,0,0,0,0,0,0,18.38,0
new_file,07/16/2024 15:43:49.629755,0,0,0,0,0,0,0,0,0,0,0,0,0,0,18.47,0
new_file,07/16/2024 15:44:49.629755,0,0,0,0,0,0,0,0,0,0,0,0,0,0,19.26,0
new_file,07/16/2024 15:45:49.629755,0,0,0,0,0,0,0,0,0,0,0,0,0,0,17.55,0
new_file,07/16/2024 15:46:49.629755,0,0,0,0,0,0,0,0,0,0,0,0,0,0,18.46,0
new_file,07/16/2024 15:47:49.629755,0,0,0,0,0,0,0,0,0,0,0,0,0,0,16.46,0
new_file,07/16/2024 15:48:49.629755,0,0,0,0,0,0,0,0,0,0,0,0,0,0,18.38,0
new_file,07/16/2024 15:49:49.629755,0,0,0,0,0,0,0,0,0,0,0,0,0,0,19.63,0
new_file,07/16/2024 15:50:49.629755,0,0,0,0,0,0,0,0,0,0,0,0,0,0,17.4,0
new_file,07/16/2024 15:51:49.629755,0,0,0,0,0,0,0,0,0,0,0,0,0,0,18.83,0
new_file,07/16/2024 15:52:49.629755,0,0,0,0,0,0,0,0,0,0,0,0,0,0,17.46,0
new_file,07/16/2024 15:53:49.629755,0,0,0,0,0,0,0,0,0,0,0,0,0,0,16.45,0
new_file,07/16/2024 15:54:49.629755,0,0,0,0,0,0,0,0,0,0,0,0,0,0,18.17,0
new_file,07/16/2024 15:55:49.629755,0,0,0,0,0,0,0,0,0,0,0,0,0,0,19.98,0
new_file,07/16/2024 15:56:49.629755,0,0,0,0,0,0,0,0,0,0,0,0,0,0,18.88,0
new_file,07/16/2024 15:57:49.629755,0,0,0,0,0,0,0,0,0,0,0,0,0,0,18.03,0
new_file,07/16/2024 15:58:49.629755,0,0,0,0,0,0,0,0,0,0,0,0,0,0,17.24,0
new_file,07/16/2024 15:59:49.629755,0,0,0,0,0,0,0,0,0,0,0,0,0,0,18.55,0
new_file,07/16/2024 16:00:49.629755,0,0,0,0,0,0,0,0,0,0,0,0,0,0,19.14,0
new_file,07/16/2024 16:01:49.629755,0,0,0,0,0,0,0,0,0,0,0,0,0,0,18.97,0
new_file,07/16/2024 16:02:49.629755,0,0,0,0,0,0,0,0,0,0,0,0,0,0,19.07,0
new_file,07/16/2024 16:03:49.629755,0,0,0,0,0,0,0,0,0,0,0,0,0,0,19.3,0
new_file,07/16/2024 16:04:49.629755,0,0,0,0,0,0,0,0,0,0,0,0,0,0,18.46,0
new_file,07/16/2024 16:05:49.629755,0,0,0,0,0,0,0,0,0,0,0,0,0,0,18.36,0
new_file,07/16/2024 16:06:49.629755,0,0,0,0,0,0,0,0,0,0,0,0,0,0,19.02,0
new_file,07/16/2024 16:07:49.629755,0,0,0,0,0,0,0,0,0,0,0,0,0,0,17.34,0
new_file,07/16/2024 16:08:49.629755,0,0,0,0,0,0,0,0,0,0,0,0,0,0,17.82,0
new_file,07/16/2024 16:09:49.629755,0,0,0,0,0,0,0,0,0,0,0,0,0,0,16.31,0
new_file,07/16/2024 16:10:49.629755,0,0,0,0,0,0,0,0,0,0,0,0,0,0,18.14,0
new_file,07/16/2024 16:11:49.629755,0,0,0,0,0,0,0,0,0,0,0,0,0,0,16.64,0
new_file,07/16/2024 16:12:49.629755,0,0,0,0,0,0,0,0,0,0,0,0,0,0,16.98,0
new_file,07/16/2024 16:13:49.629755,0,0,0,0,0,0,0,0,0,0,0,0,0,0,18.09,0
new_file,07/16/2024 16:14:49.629755,0,0,0,0,0,0,0,0,0,0,0,0,0,0,18.2,0
new_file,07/16/2024 16:15:49.629755,0,0,0,0,0,0,0,0,0,0,0,0,0,0,18.62,0
new_file,07/16/2024 16:16:49.629755,0,0,0,0,0,0,0,0,0,0,0,0,0,0,16.11,0
new_file,07/16/2024 16:17:49.629755,0,0,0,0,0,0,0,0,0,0,0,0,0,0,17.05,0
new_file,07/16/2024 16:18:49.629755,0,0,0,0,0,0,0,0,0,0,0,0,0,0,17.9,0
new_file,07/16/2024 16:19:49.629755,0,0,0,0,0,0,0,0,0,0,0,0,0,0,18.47,0
new_file,07/16/2024 16:20:49.629755,0,0,0,0,0,0,0,0,0,0,0,0,0,0,18.53,0
new_file,07/16/2024 16:21:49.629755,0,0,0,0,0,0,0,0,0,0,0,0,0,0,16.13,0
new_file,07/16/2024 16:22:49.629755,0,0,0,0,0,0,0,0,0,0,0,0,0,0,16.57,0
new_file,07/16/2024 16:23:49.629755,0,0,0,0,0,0,0,0,0,0,0,0,0,0,19.46,0
new_file,07/16/2024 16:24:49.629755,0,0,0,0,0,0,0,0,0,0,0,0,0,0,18.49,0
new_file,07/16/2024 16:25:49.629755,0,0,0,0,0,0,0,0,0,0,0,0,0,0,16.48,0
new_file,07/16/2024 16:26:49.629755,0,0,0,0,0,0,0,0,0,0,0,0,0,0,18.71,0
new_file,07/16/2024 16:27:49.629755,0,0,0,0,0,0,0,0,0,0,0,0,0,0,18.73,0
new_file,07/16/2024 16:28:49.629755,0,0,0,0,0,0,0,0,0,0,0,0,0,0,16.47,0
new_file,07/16/2024 16:29:49.629755,0,0,0,0,0,0,0,0,0,0,0,0,0,0,16.05,0
new_file,07/16/2024 16:30:49.629755,0,0,0,0,0,0,0,0,0,0,0,0,0,0,17.74,0
new_file,07/16/2024 16:31:49.629755,0,0,0,0,0,0,0,0,0,0,0,0,0,0,18.76,0
new_file,07/16/2024 16:32:49.629755,0,0,0,0,0,0,0,0,0,0,0,0,0,0,19.17,0
new_file,07/16/2024 16:33:49.629755,0,0,0,0,0,0,0,0,0,0,0,0,0,0,16.77,0
new_file,07/16/2024 16:34:49.629755,0,0,0,0,0,0,0,0,0,0,0,0,0,0,16.15,0
new_file,07/16/2024 16:35:49.629755,0,0,0,0,0,0,0,0,0,0,0,0,0,0,19.89,0
new_file,07/16/2024 16:36:49.629755,0,0,0,0,0,0,0,0,0,0,0,0,0,0,16.29,0
new_file,07/16/2024 16:37:49.629755,0,0,0,0,0,0,0,0,0,0,0,0,0,0,18.67,0
new_file,07/16/2024 16:38:49.629755,0,0,0,0,0,0,0,0,0,0,0,0,0,0,18.6,0
new_file,07/16/2024 16:39:49.629755,0,0,0,0,0,0,0,0,0,0,0,0,0,0,18.24,0
new_file,07/16/2024 16:40:49.629755,0,0,0,0,0,0,0,0,0,0,0,0,0,0,19.37,0
new_file,07/16/2024 16:41:49.629755,0,0,0,0,0,0,0,0,0,0,0,0,0,0,19.74,0
new_file,07/16/2024 16:42:49.629755,0,0,0,0,0,0,0,0,0,0,0,0,0,0,17.18,0
new_file,07/16/2024 16:43:49.629755,0,0,0,0,0,0,0,0,0,0,0,0,0,0,17.47,0
new_file,07/16/2024 16:44:49.629755,0,0,0,0,0,0,0,0,0,0,0,0,0,0,16.89,0
new_file,07/16/2024 16:45:49.629755,0,0,0,0,0,0,0,0,0,0,0,0,0,0,19.47,0
new_file,07/16/2024 16:46:49.629755,0,0,0,0,0,0,0,0,0,0,0,0,0,0,19.41,0
new_file,07/16/2024 16:47:49.629755,0,0,0,0,0,0,0,0,0,0,0,0,0,0,19.14,0
new_file,07/16/2024 16:48:49.629755,0,0,0,0,0,0,0,0,0,0,0,0,0,0,16.9,0
new_file,07/16/2024 16:49:49.629755,0,0,0,0,0,0,0,0,0,0,0,0,0,0,16.14,0
new_file,07/16/2024 16:50:49.629755,0,0,0,0,0,0,0,0,0,0,0,0,0,0,18.51,0
new_file,07/16/2024 16:51:49.629755,0,0,0,0,0,0,0,0,0,0,0,0,0,0,18.27,0
new_file,07/16/2024 16:52:49.629755,0,0,0,0,0,0,0,0,0,0,0,0,0,0,18.97,0
new_file,07/16/2024 16:53:49.629755,0,0,0,0,0,0,0,0,0,0,0,0,0,0,16.21,0
new_file,07/16/2024 16:54:49.629755,0,0,0,0,0,0,0,0,0,0,0,0,0,0,18.98,0
new_file,07/16/2024 16:55:49.629755,0,0,0,0,0,0,0,0,0,0,0,0,0,0,19.82,0
new_file,07/16/2024 16:56:49.629755,0,0,0,0,0,0,0,0,0,0,0,0,0,0,16.09,0
new_file,07/16/2024 16:57:49.629755,0,0,0,0,0,0,0,0,0,0,0,0,0,0,18.5,0
new_file,07/16/2024 16:58:49.629755,0,0,0,0,0,0,0,0,0,0,0,0,0,0,16.12,0
new_file,07/16/2024 16:59:49.629755,0,0,0,0,0,0,0,0,0,0,0,0,0,0,16.87,0
new_file,07/16/2024 17:00:49.629755,0,0,0,0,0,0,0,0,0,0,0,0,0,0,17.15,0
new_file,07/16/2024 17:01:49.629755,0,0,0,0,0,0,0,0,0,0,0,0,0,0,17.03,0
new_file,07/16/2024 17:02:49.629755,0,0,0,0,0,0,0,0,0,0,0,0,0,0,18.9,0
new_file,07/16/2024 17:03:49.629755,0,0,0,0,0,0,0,0,0,0,0,0,0,0,16.42,0
new_file,07/16/2024 17:04:49.629755,0,0,0,0,0,0,0,0,0,0,0,0,0,0,16.68,0
new_file,07/16/2024 17:05:49.629755,0,0,0,0,0,0,0,0,0,0,0,0,0,0,18.03,0
new_file,07/16/2024 17:06:49.629755,0,0,0,0,0,0,0,0,0,0,0,0,0,0,16.58,0
new_file,07/16/2024 17:07:49.629755,0,0,0,0,0,0,0,0,0,0,0,0,0,0,19.73,0
new_file,07/16/2024 17:08:49.629755,0,0,0,0,0,0,0,0,0,0,0,0,0,0,17.34,0
new_file,07/16/2024 17:09:49.629755,0,0,0,0,0,0,0,0,0,0,0,0,0,0,16.79,0
new_file,07/16/2024 17:10:49.629755,0,0,0,0,0,0,0,0,0,0,0,0,0,0,19.11,0
new_file,07/16/2024 17:11:49.629755,0,0,0,0,0,0,0,0,0,0,0,0,0,0,19.84,0
new_file,07/16/2024 17:12:49.629755,0,0,0,0,0,0,0,0,0,0,0,0,0,0,16.78,0
new_file,07/16/2024 17:13:49.629755,0,0,0,0,0,0,0,0,0,0,0,0,0,0,19.65,0
new_file,07/16/2024 17:14:49.629755,0,0,0,0,0,0,0,0,0,0,0,0,0,0,19.09,0
new_file,07/16/2024 17:15:49.629755,0,0,0,0,0,0,0,0,0,0,0,0,0,0,18.96,0
new_file,07/16/2024 17:16:49.629755,0,0,0,0,0,0,0,0,0,0,0,0,0,0,16.28,0
new_file,07/16/2024 17:17:49.629755,0,0,0,0,0,0,0,0,0,0,0,0,0,0,19.64,0
new_file,07/16/2024 17:18:49.629755,0,0,0,0,0,0,0,0,0,0,0,0,0,0,18.23,0
new_file,07/16/2024 17:19:49.629755,0,0,0,0,0,0,0,0,0,0,0,0,0,0,16.77,0
new_file,07/16/2024 17:20:49.629755,0,0,0,0,0,0,0,0,0,0,0,0,0,0,17.41,0
new_file,07/16/2024 17:21:49.629755,0,0,0,0,0,0,0,0,0,0,0,0,0,0,19.03,0
new_file,07/16/2024 17:22:49.629755,0,0,0,0,0,0,0,0,0,0,0,0,0,0,19.31,0
new_file,07/16/2024 17:23:49.629755,0,0,0,0,0,0,0,0,0,0,0,0,0,0,17.93,0
new_file,07/16/2024 17:24:49.629755,0,0,0,0,0,0,0,0,0,0,0,0,0,0,18.99,0
new_file,07/16/2024 17:25:49.629755,0,0,0,0,0,0,0,0,0,0,0,0,0,0,17.82,0
new_file,07/16/2024 17:26:49.629755,0,0,0,0,0,0,0,0,0,0,0,0,0,0,19.33,0
new_file,07/16/2024 17:27:49.629755,0,0,0,0,0,0,0,0,0,0,0,0,0,0,16.86,0
new_file,07/16/2024 17:28:49.629755,0,0,0,0,0,0,0,0,0,0,0,0,0,0,16.15,0
new_file,07/16/2024 17:29:49.629755,0,0,0,0,0,0,0,0,0,0,0,0,0,0,18.82,0
new_file,07/16/2024 17:30:49.629755,0,0,0,0,0,0,0,0,0,0,0,0,0,0,18.59,0
new_file,07/16/2024 17:31:49.629755,0,0,0,0,0,0,0,0,0,0,0,0,0,0,17.53,0
new_file,07/16/2024 17:32:49.629755,0,0,0,0,0,0,0,0,0,0,0,0,0,0,18.56,0
new_file,07/16/2024 17:33:49.629755,0,0,0,0,0,0,0,0,0,0,0,0,0,0,16.1,0
new_file,07/16/2024 17:34:49.629755,0,0,0,0,0,0,0,0,0,0,0,0,0,0,16.94,0
new_file,07/16/2024 17:35:49.629755,0,0,0,0,0,0,0,0,0,0,0,0,0,0,17.98,0
new_file,07/16/2024 17:36:49.629755,0,0,0,0,0,0,0,0,0,0,0,0,0,0,17.29,0
new_file,07/16/2024 17:37:49.629755,0,0,0,0,0,0,0,0,0,0,0,0,0,0,19.77,0
new_file,07/16/2024 17:38:49.629755,0,0,0,0,0,0,0,0,0,0,0,0,0,0,17.66,0
new_file,07/16/2024 17:39:49.629755,0,0,0,0,0,0,0,0,0,0,0,0,0,0,19.86,0
new_file,07/16/2024 17:40:49.629755,0,0,0,0,0,0,0,0,0,0,0,0,0,0,17.62,0
new_file,07/16/2024 17:41:49.629755,0,0,0,0,0,0,0,0,0,0,0,0,0,0,16.71,0
new_file,07/16/2024 17:42:49.629755,0,0,0,0,0,0,0,0,0,0,0,0,0,0,18.96,0
new_file,07/16/2024 17:43:49.629755,0,0,0,0,0,0,0,0,0,0,0,0,0,0,19.25,0
new_file,07/16/2024 17:44:49.629755,0,0,0,0,0,0,0,0,0,0,0,0,0,0,16.09,0
new_file,07/16/2024 17:45:49.629755,0,0,0,0,0,0,0,0,0,0,0,0,0,0,18.79,0
new_file,07/16/2024 17:46:49.629755,0,0,0,0,0,0,0,0,0,0,0,0,0,0,16.69,0
new_file,07/16/2024 17:47:49.629755,0,0,0,0,0,0,0,0,0,0,0,0,0,0,17.54,0
new_file,07/16/2024 17:48:49.629755,0,0,0,0,0,0,0,0,0,0,0,0,0,0,16.08,0
new_file,07/16/2024 17:49:49.629755,0,0,0,0,0,0,0,0,0,0,0,0,0,0,16.5,0
new_file,07/16/2024 17:50:49.629755,0,0,0,0,0,0,0,0,0,0,0,0,0,0,18.17,0
new_file,07/16/2024 17:51:49.629755,0,0,0,0,0,0,0,0,0,0,0,0,0,0,17.94,0
new_file,07/16/2024 17:52:49.629755,0,0,0,0,0,0,0,0,0,0,0,0,0,0,19.88,0
new_file,07/16/2024 17:53:49.629755,0,0,0,0,0,0,0,0,0,0,0,0,0,0,16.95,0
new_file,07/16/2024 17:54:49.629755,0,0,0,0,0,0,0,0,0,0,0,0,0,0,18.86,0
new_file,07/16/2024 17:55:49.629755,0,0,0,0,0,0,0,0,0,0,0,0,0,0,19.68,0
new_file,07/16/2024 17:56:49.629755,0,0,0,0,0,0,0,0,0,0,0,0,0,0,18.12,0
new_file,07/16/2024 17:57:49.629755,0,0,0,0,0,0,0,0,0,0,0,0,0,0,19.11,0
new_file,07/16/2024 17:58:49.629755,0,0,0,0,0,0,0,0,0,0,0,0,0,0,16.1,0
new_file,07/16/2024 17:59:49.629755,0,0,0,0,0,0,0,0,0,0,0,0,0,0,18.67,0
new_file,07/16/2024 18:00:49.629755,0,0,0,0,0,0,0,0,0,0,0,0,0,0,17.24,0
new_file,07/16/2024 18:01:49.629755,0,0,0,0,0,0,0,0,0,0,0,0,0,0,16.21,0
new_file,07/16/2024 18:02:49.629755,0,0,0,0,0,0,0,0,0,0,0,0,0,0,19.17,0
new_file,07/16/2024 18:03:49.629755,0,0,0,0,0,0,0,0,0,0,0,0,0,0,19.77,0
new_file,07/16/2024 18:04:49.629755,0,0,0,0,0,0,0,0,0,0,0,0,0,0,18.73,0
new_file,07/16/2024 18:05:49.629755,0,0,0,0,0,0,0,0,0,0,0,0,0,0,17.23,0
new_file,07/16/2024 18:06:49.629755,0,0,0,0,0,0,0,0,0,0,0,0,0,0,17.38,0
new_file,07/16/2024 18:07:49.629755,0,0,0,0,0,0,0,0,0,0,0,0,0,0,17.32,0
new_file,07/16/2024 18:08:49.629755,0,0,0,0,0,0,0,0,0,0,0,0,0,0,18.37,0
new_file,07/16/2024 18:09:49.629755,0,0,0,0,0,0,0,0,0,0,0,0,0,0,17.68,0
new_file,07/16/2024 18:10:49.629755,0,0,0,0,0,0,0,0,0,0,0,0,0,0,19.89,0
new_file,07/16/2024 18:11:49.629755,0,0,0,0,0,0,0,0,0,0,0,0,0,0,18.43,0
new_file,07/16/2024 18:12:49.629755,0,0,0,0,0,0,0,0,0,0,0,0,0,0,19.3,0
new_file,07/16/2024 18:13:49.629755,0,0,0,0,0,0,0,0,0,0,0,0,0,0,17.77,0
new_file,07/16/2024 18:14:49.629755,0,0,0,0,0,0,0,0,0,0,0,0,0,0,18.52,0
new_file,07/16/2024 18:15:49.629755,0,0,0,0,0,0,0,0,0,0,0,0,0,0,18.9,0
new_file,07/16/2024 18:16:49.629755,0,0,0,0,0,0,0,0,0,0,0,0,0,0,16.26,0
new_file,07/16/2024 18:17:49.629755,0,0,0,0,0,0,0,0,0,0,0,0,0,0,17.45,0
new_file,07/16/2024 18:18:49.629755,0,0,0,0,0,0,0,0,0,0,0,0,0,0,17.65,0
new_file,07/16/2024 18:19:49.629755,0,0,0,0,0,0,0,0,0,0,0,0,0,0,16.17,0
new_file,07/16/2024 18:20:49.629755,0,0,0,0,0,0,0,0,0,0,0,0,0,0,16.02,0
new_file,07/16/2024 18:21:49.629755,0,0,0,0,0,0,0,0,0,0,0,0,0,0,16.23,0
new_file,07/16/2024 18:22:49.629755,0,0,0,0,0,0,0,0,0,0,0,0,0,0,19.67,0
new_file,07/16/2024 18:23:49.629755,0,0,0,0,0,0,0,0,0,0,0,0,0,0,19.49,0
new_file,07/16/2024 18:24:49.629755,0,0,0,0,0,0,0,0,0,0,0,0,0,0,17.61,0
new_file,07/16/2024 18:25:49.629755,0,0,0,0,0,0,0,0,0,0,0,0,0,0,19.29,0
new_file,07/16/2024 18:26:49.629755,0,0,0,0,0,0,0,0,0,0,0,0,0,0,16.96,0
new_file,07/16/2024 18:27:49.629755,0,0,0,0,0,0,0,0,0,0,0,0,0,0,18.06,0
new_file,07/16/2024 18:28:49.629755,0,0,0,0,0,0,0,0,0,0,0,0,0,0,18.79,0
new_file,07/16/2024 18:29:49.629755,0,0,0,0,0,0,0,0,0,0,0,0,0,0,18.31,0
new_file,07/16/2024 18:30:49.629755,0,0,0,0,0,0,0,0,0,0,0,0,0,0,17.93,0
new_file,07/16/2024 18:31:49.629755,0,0,0,0,0,0,0,0,0,0,0,0,0,0,17.46,0
new_file,07/16/2024 18:32:49.629755,0,0,0,0,0,0,0,0,0,0,0,0,0,0,18.61,0
new_file,07/16/2024 18:33:49.629755,0,0,0,0,0,0,0,0,0,0,0,0,0,0,18.95,0
new_file,07/16/2024 18:34:49.629755,0,0,0,0,0,0,0,0,0,0,0,0,0,0,19.68,0
new_file,07/16/2024 18:35:49.629755,0,0,0,0,0,0,0,0,0,0,0,0,0,0,19.45,0
new_file,07/16/2024 18:36:49.629755,0,0,0,0,0,0,0,0,0,0,0,0,0,0,19.14,0
new_file,07/16/2024 18:37:49.629755,0,0,0,0,0,0,0,0,0,0,0,0,0,0,18.28,0
new_file,07/16/2024 18:38:49.629755,0,0,0,0,0,0,0,0,0,0,0,0,0,0,16.7,0
new_file,07/16/2024 18:39:49.629755,0,0,0,0,0,0,0,0,0,0,0,0,0,0,16.52,0
new_file,07/16/2024 18:40:49.629755,0,0,0,0,0,0,0,0,0,0,0,0,0,0,17.86,0
new_file,07/16/2024 18:41:49.629755,0,0,0,0,0,0,0,0,0,0,0,0,0,0,19.21,0
new_file,07/16/2024 18:42:49.629755,0,0,0,0,0,0,0,0,0,0,0,0,0,0,18.66,0
new_file,07/16/2024 18:43:49.629755,0,0,0,0,0,0,0,0,0,0,0,0,0,0,17.0,0
new_file,07/16/2024 18:44:49.629755,0,0,0,0,0,0,0,0,0,0,0,0,0,0,16.97,0
new_file,07/16/2024 18:45:49.629755,0,0,0,0,0,0,0,0,0,0,0,0,0,0,19.16,0
new_file,07/16/2024 18:46:49.629755,0,0,0,0,0,0,0,0,0,0,0,0,0,0,19.6,0
new_file,07/16/2024 18:47:49.629755,0,0,0,0,0,0,0,0,0,0,0,0,0,0,17.76,0
new_file,07/16/2024 18:48:49.629755,0,0,0,0,0,0,0,0,0,0,0,0,0,0,19.74,0
new_file,07/16/2024 18:49:49.629755,0,0,0,0,0,0,0,0,0,0,0,0,0,0,19.72,0
new_file,07/16/2024 18:50:49.629755,0,0,0,0,0,0,0,0,0,0,0,0,0,0,18.62,0
new_file,07/16/2024 18:51:49.629755,0,0,0,0,0,0,0,0,0,0,0,0,0,0,17.64,0
new_file,07/16/2024 18:52:49.629755,0,0,0,0,0,0,0,0,0,0,0,0,0,0,16.4,0
new_file,07/16/2024 18:53:49.629755,0,0,0,0,0,0,0,0,0,0,0,0,0,0,19.56,0
new_file,07/16/2024 18:54:49.629755,0,0,0,0,0,0,0,0,0,0,0,0,0,0,17.98,0
new_file,07/16/2024 18:55:49.629755,0,0,0,0,0,0,0,0,0,0,0,0,0,0,19.52,0
new_file,07/16/2024 18:56:49.629755,0,0,0,0,0,0,0,0,0,0,0,0,0,0,17.89,0
new_file,07/16/2024 18:57:49.629755,0,0,0,0,0,0,0,0,0,0,0,0,0,0,18.64,0
new_file,07/16/2024 18:58:49.629755,0,0,0,0,0,0,0,0,0,0,0,0,0,0,18.8,0
new_file,07/16/2024 18:59:49.629755,0,0,0,0,0,0,0,0,0,0,0,0,0,0,17.4,0
new_file,07/16/2024 19:00:49.629755,0,0,0,0,0,0,0,0,0,0,0,0,0,0,19.97,0
new_file,07/16/2024 19:01:49.629755,0,0,0,0,0,0,0,0,0,0,0,0,0,0,17.91,0
new_file,07/16/2024 19:02:49.629755,0,0,0,0,0,0,0,0,0,0,0,0,0,0,17.74,0
new_file,07/16/2024 19:03:49.629755,0,0,0,0,0,0,0,0,0,0,0,0,0,0,17.62,0
new_file,07/16/2024 19:04:49.629755,0,0,0,0,0,0,0,0,0,0,0,0,0,0,18.88,0
new_file,07/16/2024 19:05:49.629755,0,0,0,0,0,0,0,0,0,0,0,0,0,0,17.84,0
new_file,07/16/2024 19:06:49.629755,0,0,0,0,0,0,0,0,0,0,0,0,0,0,18.91,0
new_file,07/16/2024 19:07:49.629755,0,0,0,0,0,0,0,0,0,0,0,0,0,0,19.25,0
new_file,07/16/2024 19:08:49.629755,0,0,0,0,0,0,0,0,0,0,0,0,0,0,19.09,0
new_file,07/16/2024 19:09:49.629755,0,0,0,0,0,0,0,0,0,0,0,0,0,0,16.22,0
new_file,07/16/2024 19:10:49.629755,0,0,0,0,0,0,0,0,0,0,0,0,0,0,19.71,0
new_file,07/16/2024 19:11:49.629755,0,0,0,0,0,0,0,0,0,0,0,0,0,0,16.23,0
new_file,07/16/2024 19:12:49.629755,0,0,0,0,0,0,0,0,0,0,0,0,0,0,18.83,0
new_file,07/16/2024 19:13:49.629755,0,0,0,0,0,0,0,0,0,0,0,0,0,0,16.8,0
new_file,07/16/2024 19:14:49.629755,0,0,0,0,0,0,0,0,0,0,0,0,0,0,18.72,0
new_file,07/16/2024 19:15:49.629755,0,0,0,0,0,0,0,0,0,0,0,0,0,0,17.4,0
new_file,07/16/2024 19:16:49.629755,0,0,0,0,0,0,0,0,0,0,0,0,0,0,16.59,0
new_file,07/16/2024 19:17:49.629755,0,0,0,0,0,0,0,0,0,0,0,0,0,0,18.06,0
new_file,07/16/2024 19:18:49.629755,0,0,0,0,0,0,0,0,0,0,0,0,0,0,19.24,0
new_file,07/16/2024 19:19:49.629755,0,0,0,0,0,0,0,0,0,0,0,0,0,0,16.58,0
new_file,07/16/2024 19:20:49.629755,0,0,0,0,0,0,0,0,0,0,0,0,0,0,17.16,0
new_file,07/16/2024 19:21:49.629755,0,0,0,0,0,0,0,0,0,0,0,0,0,0,18.18,0
new_file,07/16/2024 19:22:49.629755,0,0,0,0,0,0,0,0,0,0,0,0,0,0,16.06,0
new_file,07/16/2024 19:23:49.629755,0,0,0,0,0,0,0,0,0,0,0,0,0,0,16.01,0
new_file,07/16/2024 19:24:49.629755,0,0,0,0,0,0,0,0,0,0,0,0,0,0,18.24,0
new_file,07/16/2024 19:25:49.629755,0,0,0,0,0,0,0,0,0,0,0,0,0,0,17.85,0
new_file,07/16/2024 19:26:49.629755,0,0,0,0,0,0,0,0,0,0,0,0,0,0,18.44,0
new_file,07/16/2024 19:27:49.629755,0,0,0,0,0,0,0,0,0,0,0,0,0,0,18.6,0
new_file,07/16/2024 19:28:49.629755,0,0,0,0,0,0,0,0,0,0,0,0,0,0,16.46,0
new_file,07/16/2024 19:29:49.629755,0,0,0,0,0,0,0,0,0,0,0,0,0,0,16.73,0
new_file,07/16/2024 19:30:49.629755,0,0,0,0,0,0,0,0,0,0,0,0,0,0,17.4,0
new_file,07/16/2024 19:31:49.629755,0,0,0,0,0,0,0,0,0,0,0,0,0,0,16.86,0
new_file,07/16/2024 19:32:49.629755,0,0,0,0,0,0,0,0,0,0,0,0,0,0,17.85,0
new_file,07/16/2024 19:33:49.629755,0,0,0,0,0,0,0,0,0,0,0,0,0,0,19.97,0
new_file,07/16/2024 19:34:49.629755,0,0,0,0,0,0,0,0,0,0,0,0,0,0,18.78,0
new_file,07/16/2024 19:35:49.629755,0,0,0,0,0,0,0,0,0,0,0,0,0,0,17.85,0
new_file,07/16/2024 19:36:49.629755,0,0,0,0,0,0,0,0,0,0,0,0,0,0,16.08,0
new_file,07/16/2024 19:37:49.629755,0,0,0,0,0,0,0,0,0,0,0,0,0,0,17.55,0
new_file,07/16/2024 19:38:49.629755,0,0,0,0,0,0,0,0,0,0,0,0,0,0,17.38,0
new_file,07/16/2024 19:39:49.629755,0,0,0,0,0,0,0,0,0,0,0,0,0,0,18.24,0
new_file,07/16/2024 19:40:49.629755,0,0,0,0,0,0,0,0,0,0,0,0,0,0,16.68,0
new_file,07/16/2024 19:41:49.629755,0,0,0,0,0,0,0,0,0,0,0,0,0,0,19.13,0
new_file,07/16/2024 19:42:49.629755,0,0,0,0,0,0,0,0,0,0,0,0,0,0,18.2,0
new_file,07/16/2024 19:43:49.629755,0,0,0,0,0,0,0,0,0,0,0,0,0,0,18.95,0
new_file,07/16/2024 19:44:49.629755,0,0,0,0,0,0,0,0,0,0,0,0,0,0,18.52,0
new_file,07/16/2024 19:45:49.629755,0,0,0,0,0,0,0,0,0,0,0,0,0,0,16.16,0
new_file,07/16/2024 19:46:49.629755,0,0,0,0,0,0,0,0,0,0,0,0,0,0,17.81,0
new_file,07/16/2024 19:47:49.629755,0,0,0,0,0,0,0,0,0,0,0,0,0,0,16.07,0
new_file,07/16/2024 19:48:49.629755,0,0,0,0,0,0,0,0,0,0,0,0,0,0,19.9,0
new_file,07/16/2024 19:49:49.629755,0,0,0,0,0,0,0,0,0,0,0,0,0,0,18.93,0
new_file,07/16/2024 19:50:49.629755,0,0,0,0,0,0,0,0,0,0,0,0,0,0,17.54,0
new_file,07/16/2024 19:51:49.629755,0,0,0,0,0,0,0,0,0,0,0,0,0,0,18.15,0
new_file,07/16/2024 19:52:49.629755,0,0,0,0,0,0,0,0,0,0,0,0,0,0,16.25,0
new_file,07/16/2024 19:53:49.629755,0,0,0,0,0,0,0,0,0,0,0,0,0,0,19.34,0
new_file,07/16/2024 19:54:49.629755,0,0,0,0,0,0,0,0,0,0,0,0,0,0,18.0,0
new_file,07/16/2024 19:55:49.629755,0,0,0,0,0,0,0,0,0,0,0,0,0,0,19.66,0
new_file,07/16/2024 19:56:49.629755,0,0,0,0,0,0,0,0,0,0,0,0,0,0,17.41,0
new_file,07/16/2024 19:57:49.629755,0,0,0,0,0,0,0,0,0,0,0,0,0,0,19.94,0
new_file,07/16/2024 19:58:49.629755,0,0,0,0,0,0,0,0,0,0,0,0,0,0,18.81,0
new_file,07/16/2024 19:59:49.629755,0,0,0,0,0,0,0,0,0,0,0,0,0,0,19.39,0
new_file,07/16/2024 20:00:49.629755,0,0,0,0,0,0,0,0,0,0,0,0,0,0,19.47,0
new_file,07/16/2024 20:01:49.629755,0,0,0,0,0,0,0,0,0,0,0,0,0,0,16.27,0
new_file,07/16/2024 20:02:49.629755,0,0,0,0,0,0,0,0,0,0,0,0,0,0,17.62,0
new_file,07/16/2024 20:03:49.629755,0,0,0,0,0,0,0,0,0,0,0,0,0,0,16.4,0
new_file,07/16/2024 20:04:49.629755,0,0,0,0,0,0,0,0,0,0,0,0,0,0,18.53,0
new_file,07/16/2024 20:05:49.629755,0,0,0,0,0,0,0,0,0,0,0,0,0,0,18.76,0
new_file,07/16/2024 20:06:49.629755,0,0,0,0,0,0,0,0,0,0,0,0,0,0,18.4,0
new_file,07/16/2024 20:07:49.629755,0,0,0,0,0,0,0,0,0,0,0,0,0,0,17.48,0
new_file,07/16/2024 20:08:49.629755,0,0,0,0,0,0,0,0,0,0,0,0,0,0,19.7,0
new_file,07/16/2024 20:09:49.629755,0,0,0,0,0,0,0,0,0,0,0,0,0,0,18.51,0
new_file,07/16/2024 20:10:49.629755,0,0,0,0,0,0,0,0,0,0,0,0,0,0,17.4,0
new_file,07/16/2024 20:11:49.629755,0,0,0,0,0,0,0,0,0,0,0,0,0,0,16.36,0
new_file,07/16/2024 20:12:49.629755,0,0,0,0,0,0,0,0,0,0,0,0,0,0,17.86,0
new_file,07/16/2024 20:13:49.629755,0,0,0,0,0,0,0,0,0,0,0,0,0,0,18.09,0
new_file,07/16/2024 20:14:49.629755,0,0,0,0,0,0,0,0,0,0,0,0,0,0,18.56,0
new_file,07/16/2024 20:15:49.629755,0,0,0,0,0,0,0,0,0,0,0,0,0,0,18.96,0
new_file,07/16/2024 20:16:49.629755,0,0,0,0,0,0,0,0,0,0,0,0,0,0,17.75,0
new_file,07/16/2024 20:17:49.629755,0,0,0,0,0,0,0,0,0,0,0,0,0,0,19.16,0
new_file,07/16/2024 20:18:49.629755,0,0,0,0,0,0,0,0,0,0,0,0,0,0,16.69,0
new_file,07/16/2024 20:19:49.629755,0,0,0,0,0,0,0,0,0,0,0,0,0,0,18.58,0
new_file,07/16/2024 20:20:49.629755,0,0,0,0,0,0,0,0,0,0,0,0,0,0,17.84,0
new_file,07/16/2024 20:21:49.629755,0,0,0,0,0,0,0,0,0,0,0,0,0,0,19.7,0
new_file,07/16/2024 20:22:49.629755,0,0,0,0,0,0,0,0,0,0,0,0,0,0,19.49,0
new_file,07/16/2024 20:23:49.629755,0,0,0,0,0,0,0,0,0,0,0,0,0,0,17.65,0
new_file,07/16/2024 20:24:49.629755,0,0,0,0,0,0,0,0,0,0,0,0,0,0,18.06,0
new_file,07/16/2024 20:25:49.629755,0,0,0,0,0,0,0,0,0,0,0,0,0,0,16.77,0
new_file,07/16/2024 20:26:49.629755,0,0,0,0,0,0,0,0,0,0,0,0,0,0,18.4,0
new_file,07/16/2024 20:27:49.629755,0,0,0,0,0,0,0,0,0,0,0,0,0,0,18.7,0
new_file,07/16/2024 20:28:49.629755,0,0,0,0,0,0,0,0,0,0,0,0,0,0,17.78,0
new_file,07/16/2024 20:29:49.629755,0,0,0,0,0,0,0,0,0,0,0,0,0,0,18.68,0
new_file,07/16/2024 20:30:49.629755,0,0,0,0,0,0,0,0,0,0,0,0,0,0,17.23,0
new_file,07/16/2024 20:31:49.629755,0,0,0,0,0,0,0,0,0,0,0,0,0,0,17.65,0
new_file,07/16/2024 20:32:49.629755,0,0,0,0,0,0,0,0,0,0,0,0,0,0,19.9,0
new_file,07/16/2024 20:33:49.629755,0,0,0,0,0,0,0,0,0,0,0,0,0,0,16.07,0
new_file,07/16/2024 20:34:49.629755,0,0,0,0,0,0,0,0,0,0,0,0,0,0,17.84,0
new_file,07/16/2024 20:35:49.629755,0,0,0,0,0,0,0,0,0,0,0,0,0,0,16.17,0
new_file,07/16/2024 20:36:49.629755,0,0,0,0,0,0,0,0,0,0,0,0,0,0,19.63,0
new_file,07/16/2024 20:37:49.629755,0,0,0,0,0,0,0,0,0,0,0,0,0,0,18.43,0
new_file,07/16/2024 20:38:49.629755,0,0,0,0,0,0,0,0,0,0,0,0,0,0,16.18,0
new_file,07/16/2024 20:39:49.629755,0,0,0,0,0,0,0,0,0,0,0,0,0,0,19.13,0
new_file,07/16/2024 20:40:49.629755,0,0,0,0,0,0,0,0,0,0,0,0,0,0,19.09,0
new_file,07/16/2024 20:41:49.629755,0,0,0,0,0,0,0,0,0,0,0,0,0,0,16.8,0
new_file,07/16/2024 20:42:49.629755,0,0,0,0,0,0,0,0,0,0,0,0,0,0,17.89,0
new_file,07/16/2024 20:43:49.629755,0,0,0,0,0,0,0,0,0,0,0,0,0,0,17.06,0
new_file,07/16/2024 20:44:49.629755,0,0,0,0,0,0,0,0,0,0,0,0,0,0,18.51,0
new_file,07/16/2024 20:45:49.629755,0,0,0,0,0,0,0,0,0,0,0,0,0,0,16.48,0
new_file,07/16/2024 20:46:49.629755,0,0,0,0,0,0,0,0,0,0,0,0,0,0,16.99,0
new_file,07/16/2024 20:47:49.629755,0,0,0,0,0,0,0,0,0,0,0,0,0,0,19.86,0
new_file,07/16/2024 20:48:49.629755,0,0,0,0,0,0,0,0,0,0,0,0,0,0,19.69,0
new_file,07/16/2024 20:49:49.629755,0,0,0,0,0,0,0,0,0,0,0,0,0,0,19.55,0
new_file,07/16/2024 20:50:49.629755,0,0,0,0,0,0,0,0,0,0,0,0,0,0,17.23,0
new_file,07/16/2024 20:51:49.629755,0,0,0,0,0,0,0,0,0,0,0,0,0,0,17.2,0
new_file,07/16/2024 20:52:49.629755,0,0,0,0,0,0,0,0,0,0,0,0,0,0,19.3,0
new_file,07/16/2024 20:53:49.629755,0,0,0,0,0,0,0,0,0,0,0,0,0,0,17.85,0
new_file,07/16/2024 20:54:49.629755,0,0,0,0,0,0,0,0,0,0,0,0,0,0,19.08,0
new_file,07/16/2024 20:55:49.629755,0,0,0,0,0,0,0,0,0,0,0,0,0,0,18.08,0
new_file,07/16/2024 20:56:49.629755,0,0,0,0,0,0,0,0,0,0,0,0,0,0,16.91,0
new_file,07/16/2024 20:57:49.629755,0,0,0,0,0,0,0,0,0,0,0,0,0,0,16.34,0
new_file,07/16/2024 20:58:49.629755,0,0,0,0,0,0,0,0,0,0,0,0,0,0,18.03,0
new_file,07/16/2024 20:59:49.629755,0,0,0,0,0,0,0,0,0,0,0,0,0,0,18.22,0
new_file,07/16/2024 21:00:49.629755,0,0,0,0,0,0,0,0,0,0,0,0,0,0,17.42,0
new_file,07/16/2024 21:01:49.629755,0,0,0,0,0,0,0,0,0,0,0,0,0,0,18.29,0
new_file,07/16/2024 21:02:49.629755,0,0,0,0,0,0,0,0,0,0,0,0,0,0,16.79,0
new_file,07/16/2024 21:03:49.629755,0,0,0,0,0,0,0,0,0,0,0,0,0,0,17.29,0
new_file,07/16/2024 21:04:49.629755,0,0,0,0,0,0,0,0,0,0,0,0,0,0,19.04,0
new_file,07/16/2024 21:05:49.629755,0,0,0,0,0,0,0,0,0,0,0,0,0,0,16.39,0
new_file,07/16/2024 21:06:49.629755,0,0,0,0,0,0,0,0,0,0,0,0,0,0,16.32,0
new_file,07/16/2024 21:07:49.629755,0,0,0,0,0,0,0,0,0,0,0,0,0,0,18.81,0
new_file,07/16/2024 21:08:49.629755,0,0,0,0,0,0,0,0,0,0,0,0,0,0,19.8,0
new_file,07/16/2024 21:09:49.629755,0,0,0,0,0,0,0,0,0,0,0,0,0,0,17.21,0
new_file,07/16/2024 21:10:49.629755,0,0,0,0,0,0,0,0,0,0,0,0,0,0,19.12,0
new_file,07/16/2024 21:11:49.629755,0,0,0,0,0,0,0,0,0,0,0,0,0,0,19.65,0
new_file,07/16/2024 21:12:49.629755,0,0,0,0,0,0,0,0,0,0,0,0,0,0,16.15,0
new_file,07/16/2024 21:13:49.629755,0,0,0,0,0,0,0,0,0,0,0,0,0,0,17.36,0
new_file,07/16/2024 21:14:49.629755,0,0,0,0,0,0,0,0,0,0,0,0,0,0,18.82,0
new_file,07/16/2024 21:15:49.629755,0,0,0,0,0,0,0,0,0,0,0,0,0,0,19.23,0
new_file,07/16/2024 21:16:49.629755,0,0,0,0,0,0,0,0,0,0,0,0,0,0,17.92,0
new_file,07/16/2024 21:17:49.629755,0,0,0,0,0,0,0,0,0,0,0,0,0,0,16.36,0
new_file,07/16/2024 21:18:49.629755,0,0,0,0,0,0,0,0,0,0,0,0,0,0,17.86,0
new_file,07/16/2024 21:19:49.629755,0,0,0,0,0,0,0,0,0,0,0,0,0,0,18.47,0
new_file,07/16/2024 21:20:49.629755,0,0,0,0,0,0,0,0,0,0,0,0,0,0,17.92,0
new_file,07/16/2024 21:21:49.629755,0,0,0,0,0,0,0,0,0,0,0,0,0,0,17.38,0
new_file,07/16/2024 21:22:49.629755,0,0,0,0,0,0,0,0,0,0,0,0,0,0,19.1,0
new_file,07/16/2024 21:23:49.629755,0,0,0,0,0,0,0,0,0,0,0,0,0,0,17.06,0
new_file,07/16/2024 21:24:49.629755,0,0,0,0,0,0,0,0,0,0,0,0,0,0,19.52,0
new_file,07/16/2024 21:25:49.629755,0,0,0,0,0,0,0,0,0,0,0,0,0,0,17.61,0
new_file,07/16/2024 21:26:49.629755,0,0,0,0,0,0,0,0,0,0,0,0,0,0,18.74,0
new_file,07/16/2024 21:27:49.629755,0,0,0,0,0,0,0,0,0,0,0,0,0,0,16.69,0
new_file,07/16/2024 21:28:49.629755,0,0,0,0,0,0,0,0,0,0,0,0,0,0,18.84,0
new_file,07/16/2024 21:29:49.629755,0,0,0,0,0,0,0,0,0,0,0,0,0,0,16.26,0
new_file,07/16/2024 21:30:49.629755,0,0,0,0,0,0,0,0,0,0,0,0,0,0,16.87,0
new_file,07/16/2024 21:31:49.629755,0,0,0,0,0,0,0,0,0,0,0,0,0,0,17.09,0
new_file,07/16/2024 21:32:49.629755,0,0,0,0,0,0,0,0,0,0,0,0,0,0,16.85,0
new_file,07/16/2024 21:33:49.629755,0,0,0,0,0,0,0,0,0,0,0,0,0,0,16.1,0
new_file,07/16/2024 21:34:49.629755,0,0,0,0,0,0,0,0,0,0,0,0,0,0,19.63,0
new_file,07/16/2024 21:35:49.629755,0,0,0,0,0,0,0,0,0,0,0,0,0,0,18.8,0
new_file,07/16/2024 21:36:49.629755,0,0,0,0,0,0,0,0,0,0,0,0,0,0,17.94,0
new_file,07/16/2024 21:37:49.629755,0,0,0,0,0,0,0,0,0,0,0,0,0,0,16.75,0
new_file,07/16/2024 21:38:49.629755,0,0,0,0,0,0,0,0,0,0,0,0,0,0,19.72,0
new_file,07/16/2024 21:39:49.629755,0,0,0,0,0,0,0,0,0,0,0,0,0,0,17.24,0
new_file,07/16/2024 21:40:49.629755,0,0,0,0,0,0,0,0,0,0,0,0,0,0,19.77,0
new_file,07/16/2024 21:41:49.629755,0,0,0,0,0,0,0,0,0,0,0,0,0,0,17.1,0
new_file,07/16/2024 21:42:49.629755,0,0,0,0,0,0,0,0,0,0,0,0,0,0,18.46,0
new_file,07/16/2024 21:43:49.629755,0,0,0,0,0,0,0,0,0,0,0,0,0,0,19.65,0
new_file,07/16/2024 21:44:49.629755,0,0,0,0,0,0,0,0,0,0,0,0,0,0,19.9,0
new_file,07/16/2024 21:45:49.629755,0,0,0,0,0,0,0,0,0,0,0,0,0,0,19.03,0
new_file,07/16/2024 21:46:49.629755,0,0,0,0,0,0,0,0,0,0,0,0,0,0,19.92,0
new_file,07/16/2024 21:47:49.629755,0,0,0,0,0,0,0,0,0,0,0,0,0,0,16.13,0
new_file,07/16/2024 21:48:49.629755,0,0,0,0,0,0,0,0,0,0,0,0,0,0,18.57,0
new_file,07/16/2024 21:49:49.629755,0,0,0,0,0,0,0,0,0,0,0,0,0,0,16.67,0
new_file,07/16/2024 21:50:49.629755,0,0,0,0,0,0,0,0,0,0,0,0,0,0,17.32,0
new_file,07/16/2024 21:51:49.629755,0,0,0,0,0,0,0,0,0,0,0,0,0,0,19.66,0
new_file,07/16/2024 21:52:49.629755,0,0,0,0,0,0,0,0,0,0,0,0,0,0,19.86,0
new_file,07/16/2024 21:53:49.629755,0,0,0,0,0,0,0,0,0,0,0,0,0,0,16.19,0
new_file,07/16/2024 21:54:49.629755,0,0,0,0,0,0,0,0,0,0,0,0,0,0,18.06,0
new_file,07/16/2024 21:55:49.629755,0,0,0,0,0,0,0,0,0,0,0,0,0,0,19.62,0
new_file,07/16/2024 21:56:49.629755,0,0,0,0,0,0,0,0,0,0,0,0,0,0,16.29,0
new_file,07/16/2024 21:57:49.629755,0,0,0,0,0,0,0,0,0,0,0,0,0,0,18.81,0
new_file,07/16/2024 21:58:49.629755,0,0,0,0,0,0,0,0,0,0,0,0,0,0,18.06,0
new_file,07/16/2024 21:59:49.629755,0,0,0,0,0,0,0,0,0,0,0,0,0,0,17.49,0
new_file,07/16/2024 22:00:49.629755,0,0,0,0,0,0,0,0,0,0,0,0,0,0,17.49,0
new_file,07/16/2024 22:01:49.629755,0,0,0,0,0,0,0,0,0,0,0,0,0,0,17.62,0
new_file,07/16/2024 22:02:49.629755,0,0,0,0,0,0,0,0,0,0,0,0,0,0,19.18,0
new_file,07/16/2024 22:03:49.629755,0,0,0,0,0,0,0,0,0,0,0,0,0,0,17.12,0
new_file,07/16/2024 22:04:49.629755,0,0,0,0,0,0,0,0,0,0,0,0,0,0,16.16,0
new_file,07/16/2024 22:05:49.629755,0,0,0,0,0,0,0,0,0,0,0,0,0,0,18.58,0
new_file,07/16/2024 22:06:49.629755,0,0,0,0,0,0,0,0,0,0,0,0,0,0,18.66,0
new_file,07/16/2024 22:07:49.629755,0,0,0,0,0,0,0,0,0,0,0,0,0,0,16.32,0
new_file,07/16/2024 22:08:49.629755,0,0,0,0,0,0,0,0,0,0,0,0,0,0,16.34,0
new_file,07/16/2024 22:09:49.629755,0,0,0,0,0,0,0,0,0,0,0,0,0,0,19.12,0
new_file,07/16/2024 22:10:49.629755,0,0,0,0,0,0,0,0,0,0,0,0,0,0,19.47,0
new_file,07/16/2024 22:11:49.629755,0,0,0,0,0,0,0,0,0,0,0,0,0,0,19.12,0
new_file,07/16/2024 22:12:49.629755,0,0,0,0,0,0,0,0,0,0,0,0,0,0,17.02,0
new_file,07/16/2024 22:13:49.629755,0,0,0,0,0,0,0,0,0,0,0,0,0,0,18.54,0
new_file,07/16/2024 22:14:49.629755,0,0,0,0,0,0,0,0,0,0,0,0,0,0,16.33,0
new_file,07/16/2024 22:15:49.629755,0,0,0,0,0,0,0,0,0,0,0,0,0,0,18.37,0
new_file,07/16/2024 22:16:49.629755,0,0,0,0,0,0,0,0,0,0,0,0,0,0,16.11,0
new_file,07/16/2024 22:17:49.629755,0,0,0,0,0,0,0,0,0,0,0,0,0,0,18.29,0
new_file,07/16/2024 22:18:49.629755,0,0,0,0,0,0,0,0,0,0,0,0,0,0,19.42,0
new_file,07/16/2024 22:19:49.629755,0,0,0,0,0,0,0,0,0,0,0,0,0,0,16.96,0
new_file,07/16/2024 22:20:49.629755,0,0,0,0,0,0,0,0,0,0,0,0,0,0,19.88,0
new_file,07/16/2024 22:21:49.629755,0,0,0,0,0,0,0,0,0,0,0,0,0,0,18.36,0
new_file,07/16/2024 22:22:49.629755,0,0,0,0,0,0,0,0,0,0,0,0,0,0,19.57,0
new_file,07/16/2024 22:23:49.629755,0,0,0,0,0,0,0,0,0,0,0,0,0,0,17.25,0
new_file,07/16/2024 22:24:49.629755,0,0,0,0,0,0,0,0,0,0,0,0,0,0,18.64,0
new_file,07/16/2024 22:25:49.629755,0,0,0,0,0,0,0,0,0,0,0,0,0,0,17.72,0
new_file,07/16/2024 22:26:49.629755,0,0,0,0,0,0,0,0,0,0,0,0,0,0,19.88,0
new_file,07/16/2024 22:27:49.629755,0,0,0,0,0,0,0,0,0,0,0,0,0,0,18.41,0
new_file,07/16/2024 22:28:49.629755,0,0,0,0,0,0,0,0,0,0,0,0,0,0,18.89,0
new_file,07/16/2024 22:29:49.629755,0,0,0,0,0,0,0,0,0,0,0,0,0,0,16.27,0
new_file,07/16/2024 22:30:49.629755,0,0,0,0,0,0,0,0,0,0,0,0,0,0,17.09,0
new_file,07/16/2024 22:31:49.629755,0,0,0,0,0,0,0,0,0,0,0,0,0,0,19.97,0
new_file,07/16/2024 22:32:49.629755,0,0,0,0,0,0,0,0,0,0,0,0,0,0,19.89,0
new_file,07/16/2024 22:33:49.629755,0,0,0,0,0,0,0,0,0,0,0,0,0,0,16.84,0
new_file,07/16/2024 22:34:49.629755,0,0,0,0,0,0,0,0,0,0,0,0,0,0,19.94,0
new_file,07/16/2024 22:35:49.629755,0,0,0,0,0,0,0,0,0,0,0,0,0,0,19.34,0
new_file,07/16/2024 22:36:49.629755,0,0,0,0,0,0,0,0,0,0,0,0,0,0,16.68,0
new_file,07/16/2024 22:37:49.629755,0,0,0,0,0,0,0,0,0,0,0,0,0,0,16.67,0
new_file,07/16/2024 22:38:49.629755,0,0,0,0,0,0,0,0,0,0,0,0,0,0,19.65,0
new_file,07/16/2024 22:39:49.629755,0,0,0,0,0,0,0,0,0,0,0,0,0,0,18.06,0
new_file,07/16/2024 22:40:49.629755,0,0,0,0,0,0,0,0,0,0,0,0,0,0,16.64,0
new_file,07/16/2024 22:41:49.629755,0,0,0,0,0,0,0,0,0,0,0,0,0,0,18.46,0
new_file,07/16/2024 22:42:49.629755,0,0,0,0,0,0,0,0,0,0,0,0,0,0,17.67,0
new_file,07/16/2024 22:43:49.629755,0,0,0,0,0,0,0,0,0,0,0,0,0,0,16.63,0
new_file,07/16/2024 22:44:49.629755,0,0,0,0,0,0,0,0,0,0,0,0,0,0,16.51,0
new_file,07/16/2024 22:45:49.629755,0,0,0,0,0,0,0,0,0,0,0,0,0,0,16.53,0
new_file,07/16/2024 22:46:49.629755,0,0,0,0,0,0,0,0,0,0,0,0,0,0,18.44,0
new_file,07/16/2024 22:47:49.629755,0,0,0,0,0,0,0,0,0,0,0,0,0,0,16.12,0
new_file,07/16/2024 22:48:49.629755,0,0,0,0,0,0,0,0,0,0,0,0,0,0,18.92,0
new_file,07/16/2024 22:49:49.629755,0,0,0,0,0,0,0,0,0,0,0,0,0,0,17.58,0
new_file,07/16/2024 22:50:49.629755,0,0,0,0,0,0,0,0,0,0,0,0,0,0,18.79,0
new_file,07/16/2024 22:51:49.629755,0,0,0,0,0,0,0,0,0,0,0,0,0,0,19.89,0
new_file,07/16/2024 22:52:49.629755,0,0,0,0,0,0,0,0,0,0,0,0,0,0,19.49,0
new_file,07/16/2024 22:53:49.629755,0,0,0,0,0,0,0,0,0,0,0,0,0,0,19.92,0
new_file,07/16/2024 22:54:49.629755,0,0,0,0,0,0,0,0,0,0,0,0,0,0,16.84,0
new_file,07/16/2024 22:55:49.629755,0,0,0,0,0,0,0,0,0,0,0,0,0,0,17.62,0
new_file,07/16/2024 22:56:49.629755,0,0,0,0,0,0,0,0,0,0,0,0,0,0,17.69,0
new_file,07/16/2024 22:57:49.629755,0,0,0,0,0,0,0,0,0,0,0,0,0,0,16.83,0
new_file,07/16/2024 22:58:49.629755,0,0,0,0,0,0,0,0,0,0,0,0,0,0,17.33,0
new_file,07/16/2024 22:59:49.629755,0,0,0,0,0,0,0,0,0,0,0,0,0,0,16.64,0
new_file,07/16/2024 23:00:49.629755,0,0,0,0,0,0,0,0,0,0,0,0,0,0,19.3,0
new_file,07/16/2024 23:01:49.629755,0,0,0,0,0,0,0,0,0,0,0,0,0,0,18.08,0
new_file,07/16/2024 23:02:49.629755,0,0,0,0,0,0,0,0,0,0,0,0,0,0,19.72,0
new_file,07/16/2024 23:03:49.629755,0,0,0,0,0,0,0,0,0,0,0,0,0,0,18.57,0
new_file,07/16/2024 23:04:49.629755,0,0,0,0,0,0,0,0,0,0,0,0,0,0,17.51,0
new_file,07/16/2024 23:05:49.629755,0,0,0,0,0,0,0,0,0,0,0,0,0,0,19.86,0
new_file,07/16/2024 23:06:49.629755,0,0,0,0,0,0,0,0,0,0,0,0,0,0,17.65,0
new_file,07/16/2024 23:07:49.629755,0,0,0,0,0,0,0,0,0,0,0,0,0,0,18.37,0
new_file,07/16/2024 23:08:49.629755,0,0,0,0,0,0,0,0,0,0,0,0,0,0,18.7,0
new_file,07/16/2024 23:09:49.629755,0,0,0,0,0,0,0,0,0,0,0,0,0,0,17.95,0
new_file,07/16/2024 23:10:49.629755,0,0,0,0,0,0,0,0,0,0,0,0,0,0,17.77,0
new_file,07/16/2024 23:11:49.629755,0,0,0,0,0,0,0,0,0,0,0,0,0,0,18.04,0
new_file,07/16/2024 23:12:49.629755,0,0,0,0,0,0,0,0,0,0,0,0,0,0,19.96,0
new_file,07/16/2024 23:13:49.629755,0,0,0,0,0,0,0,0,0,0,0,0,0,0,16.12,0
new_file,07/16/2024 23:14:49.629755,0,0,0,0,0,0,0,0,0,0,0,0,0,0,17.6,0
new_file,07/16/2024 23:15:49.629755,0,0,0,0,0,0,0,0,0,0,0,0,0,0,17.84,0
new_file,07/16/2024 23:16:49.629755,0,0,0,0,0,0,0,0,0,0,0,0,0,0,16.0,0
new_file,07/16/2024 23:17:49.629755,0,0,0,0,0,0,0,0,0,0,0,0,0,0,19.32,0
new_file,07/16/2024 23:18:49.629755,0,0,0,0,0,0,0,0,0,0,0,0,0,0,16.42,0
new_file,07/16/2024 23:19:49.629755,0,0,0,0,0,0,0,0,0,0,0,0,0,0,16.3,0
new_file,07/16/2024 23:20:49.629755,0,0,0,0,0,0,0,0,0,0,0,0,0,0,19.77,0
new_file,07/16/2024 23:21:49.629755,0,0,0,0,0,0,0,0,0,0,0,0,0,0,19.13,0
new_file,07/16/2024 23:22:49.629755,0,0,0,0,0,0,0,0,0,0,0,0,0,0,17.66,0
new_file,07/16/2024 23:23:49.629755,0,0,0,0,0,0,0,0,0,0,0,0,0,0,17.99,0
new_file,07/16/2024 23:24:49.629755,0,0,0,0,0,0,0,0,0,0,0,0,0,0,16.42,0
new_file,07/16/2024 23:25:49.629755,0,0,0,0,0,0,0,0,0,0,0,0,0,0,17.85,0
new_file,07/16/2024 23:26:49.629755,0,0,0,0,0,0,0,0,0,0,0,0,0,0,16.46,0
new_file,07/16/2024 23:27:49.629755,0,0,0,0,0,0,0,0,0,0,0,0,0,0,19.69,0
new_file,07/16/2024 23:28:49.629755,0,0,0,0,0,0,0,0,0,0,0,0,0,0,16.89,0
new_file,07/16/2024 23:29:49.629755,0,0,0,0,0,0,0,0,0,0,0,0,0,0,16.65,0
new_file,07/16/2024 23:30:49.629755,0,0,0,0,0,0,0,0,0,0,0,0,0,0,18.92,0
new_file,07/16/2024 23:31:49.629755,0,0,0,0,0,0,0,0,0,0,0,0,0,0,17.71,0
new_file,07/16/2024 23:32:49.629755,0,0,0,0,0,0,0,0,0,0,0,0,0,0,16.39,0
new_file,07/16/2024 23:33:49.629755,0,0,0,0,0,0,0,0,0,0,0,0,0,0,18.58,0
new_file,07/16/2024 23:34:49.629755,0,0,0,0,0,0,0,0,0,0,0,0,0,0,16.66,0
new_file,07/16/2024 23:35:49.629755,0,0,0,0,0,0,0,0,0,0,0,0,0,0,17.68,0
new_file,07/16/2024 23:36:49.629755,0,0,0,0,0,0,0,0,0,0,0,0,0,0,16.87,0
new_file,07/16/2024 23:37:49.629755,0,0,0,0,0,0,0,0,0,0,0,0,0,0,18.85,0
new_file,07/16/2024 23:38:49.629755,0,0,0,0,0,0,0,0,0,0,0,0,0,0,16.05,0
new_file,07/16/2024 23:39:49.629755,0,0,0,0,0,0,0,0,0,0,0,0,0,0,16.28,0
new_file,07/16/2024 23:40:49.629755,0,0,0,0,0,0,0,0,0,0,0,0,0,0,17.41,0
new_file,07/16/2024 23:41:49.629755,0,0,0,0,0,0,0,0,0,0,0,0,0,0,16.92,0
new_file,07/16/2024 23:42:49.629755,0,0,0,0,0,0,0,0,0,0,0,0,0,0,17.46,0
new_file,07/16/2024 23:43:49.629755,0,0,0,0,0,0,0,0,0,0,0,0,0,0,16.48,0
new_file,07/16/2024 23:44:49.629755,0,0,0,0,0,0,0,0,0,0,0,0,0,0,16.76,0
new_file,07/16/2024 23:45:49.629755,0,0,0,0,0,0,0,0,0,0,0,0,0,0,18.83,0
new_file,07/16/2024 23:46:49.629755,0,0,0,0,0,0,0,0,0,0,0,0,0,0,17.19,0
new_file,07/16/2024 23:47:49.629755,0,0,0,0,0,0,0,0,0,0,0,0,0,0,17.29,0
new_file,07/16/2024 23:48:49.629755,0,0,0,0,0,0,0,0,0,0,0,0,0,0,16.37,0
new_file,07/16/2024 23:49:49.629755,0,0,0,0,0,0,0,0,0,0,0,0,0,0,16.68,0
new_file,07/16/2024 23:50:49.629755,0,0,0,0,0,0,0,0,0,0,0,0,0,0,18.1,0
new_file,07/16/2024 23:51:49.629755,0,0,0,0,0,0,0,0,0,0,0,0,0,0,16.1,0
new_file,07/16/2024 23:52:49.629755,0,0,0,0,0,0,0,0,0,0,0,0,0,0,16.76,0
new_file,07/16/2024 23:53:49.629755,0,0,0,0,0,0,0,0,0,0,0,0,0,0,18.47,0
new_file,07/16/2024 23:54:49.629755,0,0,0,0,0,0,0,0,0,0,0,0,0,0,18.21,0
new_file,07/16/2024 23:55:49.629755,0,0,0,0,0,0,0,0,0,0,0,0,0,0,17.41,0
new_file,07/16/2024 23:56:49.629755,0,0,0,0,0,0,0,0,0,0,0,0,0,0,18.64,0
new_file,07/16/2024 23:57:49.629755,0,0,0,0,0,0,0,0,0,0,0,0,0,0,17.31,0
new_file,07/16/2024 23:58:49.629755,0,0,0,0,0,0,0,0,0,0,0,0,0,0,18.87,0
new_file,07/16/2024 23:59:49.629755,0,0,0,0,0,0,0,0,0,0,0,0,0,0,17.71,0
new_file,07/17/2024 00:00:49.629755,0,0,0,0,0,0,0,0,0,0,0,0,0,0,16.52,0
new_file,07/17/2024 00:01:49.629755,0,0,0,0,0,0,0,0,0,0,0,0,0,0,16.38,0
new_file,07/17/2024 00:02:49.629755,0,0,0,0,0,0,0,0,0,0,0,0,0,0,16.26,0
new_file,07/17/2024 00:03:49.629755,0,0,0,0,0,0,0,0,0,0,0,0,0,0,17.21,0
new_file,07/17/2024 00:04:49.629755,0,0,0,0,0,0,0,0,0,0,0,0,0,0,16.5,0
new_file,07/17/2024 00:05:49.629755,0,0,0,0,0,0,0,0,0,0,0,0,0,0,18.22,0
new_file,07/17/2024 00:06:49.629755,0,0,0,0,0,0,0,0,0,0,0,0,0,0,18.97,0
new_file,07/17/2024 00:07:49.629755,0,0,0,0,0,0,0,0,0,0,0,0,0,0,19.97,0
new_file,07/17/2024 00:08:49.629755,0,0,0,0,0,0,0,0,0,0,0,0,0,0,19.15,0
new_file,07/17/2024 00:09:49.629755,0,0,0,0,0,0,0,0,0,0,0,0,0,0,16.84,0
new_file,07/17/2024 00:10:49.629755,0,0,0,0,0,0,0,0,0,0,0,0,0,0,16.56,0
new_file,07/17/2024 00:11:49.629755,0,0,0,0,0,0,0,0,0,0,0,0,0,0,18.25,0
new_file,07/17/2024 00:12:49.629755,0,0,0,0,0,0,0,0,0,0,0,0,0,0,16.52,0
new_file,07/17/2024 00:13:49.629755,0,0,0,0,0,0,0,0,0,0,0,0,0,0,17.72,0
new_file,07/17/2024 00:14:49.629755,0,0,0,0,0,0,0,0,0,0,0,0,0,0,18.6,0
new_file,07/17/2024 00:15:49.629755,0,0,0,0,0,0,0,0,0,0,0,0,0,0,16.03,0
new_file,07/17/2024 00:16:49.629755,0,0,0,0,0,0,0,0,0,0,0,0,0,0,19.02,0
new_file,07/17/2024 00:17:49.629755,0,0,0,0,0,0,0,0,0,0,0,0,0,0,17.81,0
new_file,07/17/2024 00:18:49.629755,0,0,0,0,0,0,0,0,0,0,0,0,0,0,16.76,0
new_file,07/17/2024 00:19:49.629755,0,0,0,0,0,0,0,0,0,0,0,0,0,0,17.83,0
new_file,07/17/2024 00:20:49.629755,0,0,0,0,0,0,0,0,0,0,0,0,0,0,16.81,0
new_file,07/17/2024 00:21:49.629755,0,0,0,0,0,0,0,0,0,0,0,0,0,0,17.72,0
new_file,07/17/2024 00:22:49.629755,0,0,0,0,0,0,0,0,0,0,0,0,0,0,18.2,0
new_file,07/17/2024 00:23:49.629755,0,0,0,0,0,0,0,0,0,0,0,0,0,0,16.24,0
new_file,07/17/2024 00:24:49.629755,0,0,0,0,0,0,0,0,0,0,0,0,0,0,17.34,0
new_file,07/17/2024 00:25:49.629755,0,0,0,0,0,0,0,0,0,0,0,0,0,0,19.55,0
new_file,07/17/2024 00:26:49.629755,0,0,0,0,0,0,0,0,0,0,0,0,0,0,19.82,0
new_file,07/17/2024 00:27:49.629755,0,0,0,0,0,0,0,0,0,0,0,0,0,0,16.9,0
new_file,07/17/2024 00:28:49.629755,0,0,0,0,0,0,0,0,0,0,0,0,0,0,19.63,0
new_file,07/17/2024 00:29:49.629755,0,0,0,0,0,0,0,0,0,0,0,0,0,0,17.41,0
new_file,07/17/2024 00:30:49.629755,0,0,0,0,0,0,0,0,0,0,0,0,0,0,19.24,0
new_file,07/17/2024 00:31:49.629755,0,0,0,0,0,0,0,0,0,0,0,0,0,0,18.03,0
new_file,07/17/2024 00:32:49.629755,0,0,0,0,0,0,0,0,0,0,0,0,0,0,19.47,0
new_file,07/17/2024 00:33:49.629755,0,0,0,0,0,0,0,0,0,0,0,0,0,0,19.21,0
new_file,07/17/2024 00:34:49.629755,0,0,0,0,0,0,0,0,0,0,0,0,0,0,17.87,0
new_file,07/17/2024 00:35:49.629755,0,0,0,0,0,0,0,0,0,0,0,0,0,0,19.05,0
new_file,07/17/2024 00:36:49.629755,0,0,0,0,0,0,0,0,0,0,0,0,0,0,17.12,0
new_file,07/17/2024 00:37:49.629755,0,0,0,0,0,0,0,0,0,0,0,0,0,0,19.11,0
new_file,07/17/2024 00:38:49.629755,0,0,0,0,0,0,0,0,0,0,0,0,0,0,17.24,0
new_file,07/17/2024 00:39:49.629755,0,0,0,0,0,0,0,0,0,0,0,0,0,0,16.25,0
new_file,07/17/2024 00:40:49.629755,0,0,0,0,0,0,0,0,0,0,0,0,0,0,19.34,0
new_file,07/17/2024 00:41:49.629755,0,0,0,0,0,0,0,0,0,0,0,0,0,0,18.19,0
new_file,07/17/2024 00:42:49.629755,0,0,0,0,0,0,0,0,0,0,0,0,0,0,18.51,0
new_file,07/17/2024 00:43:49.629755,0,0,0,0,0,0,0,0,0,0,0,0,0,0,19.89,0
new_file,07/17/2024 00:44:49.629755,0,0,0,0,0,0,0,0,0,0,0,0,0,0,19.86,0
new_file,07/17/2024 00:45:49.629755,0,0,0,0,0,0,0,0,0,0,0,0,0,0,16.95,0
new_file,07/17/2024 00:46:49.629755,0,0,0,0,0,0,0,0,0,0,0,0,0,0,19.86,0
new_file,07/17/2024 00:47:49.629755,0,0,0,0,0,0,0,0,0,0,0,0,0,0,19.24,0
new_file,07/17/2024 00:48:49.629755,0,0,0,0,0,0,0,0,0,0,0,0,0,0,17.44,0
new_file,07/17/2024 00:49:49.629755,0,0,0,0,0,0,0,0,0,0,0,0,0,0,18.7,0
new_file,07/17/2024 00:50:49.629755,0,0,0,0,0,0,0,0,0,0,0,0,0,0,19.21,0
new_file,07/17/2024 00:51:49.629755,0,0,0,0,0,0,0,0,0,0,0,0,0,0,16.56,0
new_file,07/17/2024 00:52:49.629755,0,0,0,0,0,0,0,0,0,0,0,0,0,0,17.21,0
new_file,07/17/2024 00:53:49.629755,0,0,0,0,0,0,0,0,0,0,0,0,0,0,19.33,0
new_file,07/17/2024 00:54:49.629755,0,0,0,0,0,0,0,0,0,0,0,0,0,0,16.72,0
new_file,07/17/2024 00:55:49.629755,0,0,0,0,0,0,0,0,0,0,0,0,0,0,16.33,0
new_file,07/17/2024 00:56:49.629755,0,0,0,0,0,0,0,0,0,0,0,0,0,0,19.2,0
new_file,07/17/2024 00:57:49.629755,0,0,0,0,0,0,0,0,0,0,0,0,0,0,17.36,0
new_file,07/17/2024 00:58:49.629755,0,0,0,0,0,0,0,0,0,0,0,0,0,0,18.99,0
new_file,07/17/2024 00:59:49.629755,0,0,0,0,0,0,0,0,0,0,0,0,0,0,19.35,0
new_file,07/17/2024 01:00:49.629755,0,0,0,0,0,0,0,0,0,0,0,0,0,0,19.86,0
new_file,07/17/2024 01:01:49.629755,0,0,0,0,0,0,0,0,0,0,0,0,0,0,18.25,0
new_file,07/17/2024 01:02:49.629755,0,0,0,0,0,0,0,0,0,0,0,0,0,0,17.06,0
new_file,07/17/2024 01:03:49.629755,0,0,0,0,0,0,0,0,0,0,0,0,0,0,18.28,0
new_file,07/17/2024 01:04:49.629755,0,0,0,0,0,0,0,0,0,0,0,0,0,0,18.73,0
new_file,07/17/2024 01:05:49.629755,0,0,0,0,0,0,0,0,0,0,0,0,0,0,18.86,0
new_file,07/17/2024 01:06:49.629755,0,0,0,0,0,0,0,0,0,0,0,0,0,0,18.29,0
new_file,07/17/2024 01:07:49.629755,0,0,0,0,0,0,0,0,0,0,0,0,0,0,19.08,0
new_file,07/17/2024 01:08:49.629755,0,0,0,0,0,0,0,0,0,0,0,0,0,0,18.54,0
new_file,07/17/2024 01:09:49.629755,0,0,0,0,0,0,0,0,0,0,0,0,0,0,18.24,0
new_file,07/17/2024 01:10:49.629755,0,0,0,0,0,0,0,0,0,0,0,0,0,0,19.83,0
new_file,07/17/2024 01:11:49.629755,0,0,0,0,0,0,0,0,0,0,0,0,0,0,17.7,0
new_file,07/17/2024 01:12:49.629755,0,0,0,0,0,0,0,0,0,0,0,0,0,0,19.78,0
new_file,07/17/2024 01:13:49.629755,0,0,0,0,0,0,0,0,0,0,0,0,0,0,18.02,0
new_file,07/17/2024 01:14:49.629755,0,0,0,0,0,0,0,0,0,0,0,0,0,0,19.94,0
new_file,07/17/2024 01:15:49.629755,0,0,0,0,0,0,0,0,0,0,0,0,0,0,17.17,0
new_file,07/17/2024 01:16:49.629755,0,0,0,0,0,0,0,0,0,0,0,0,0,0,19.04,0
new_file,07/17/2024 01:17:49.629755,0,0,0,0,0,0,0,0,0,0,0,0,0,0,16.31,0
new_file,07/17/2024 01:18:49.629755,0,0,0,0,0,0,0,0,0,0,0,0,0,0,16.24,0
new_file,07/17/2024 01:19:49.629755,0,0,0,0,0,0,0,0,0,0,0,0,0,0,19.3,0
new_file,07/17/2024 01:20:49.629755,0,0,0,0,0,0,0,0,0,0,0,0,0,0,17.44,0
new_file,07/17/2024 01:21:49.629755,0,0,0,0,0,0,0,0,0,0,0,0,0,0,19.56,0
new_file,07/17/2024 01:22:49.629755,0,0,0,0,0,0,0,0,0,0,0,0,0,0,17.37,0
new_file,07/17/2024 01:23:49.629755,0,0,0,0,0,0,0,0,0,0,0,0,0,0,17.34,0
new_file,07/17/2024 01:24:49.629755,0,0,0,0,0,0,0,0,0,0,0,0,0,0,19.18,0
new_file,07/17/2024 01:25:49.629755,0,0,0,0,0,0,0,0,0,0,0,0,0,0,17.55,0
new_file,07/17/2024 01:26:49.629755,0,0,0,0,0,0,0,0,0,0,0,0,0,0,16.37,0
new_file,07/17/2024 01:27:49.629755,0,0,0,0,0,0,0,0,0,0,0,0,0,0,17.8,0
new_file,07/17/2024 01:28:49.629755,0,0,0,0,0,0,0,0,0,0,0,0,0,0,17.22,0
new_file,07/17/2024 01:29:49.629755,0,0,0,0,0,0,0,0,0,0,0,0,0,0,18.27,0
new_file,07/17/2024 01:30:49.629755,0,0,0,0,0,0,0,0,0,0,0,0,0,0,19.53,0
new_file,07/17/2024 01:31:49.629755,0,0,0,0,0,0,0,0,0,0,0,0,0,0,18.59,0
new_file,07/17/2024 01:32:49.629755,0,0,0,0,0,0,0,0,0,0,0,0,0,0,19.22,0
new_file,07/17/2024 01:33:49.629755,0,0,0,0,0,0,0,0,0,0,0,0,0,0,19.58,0
new_file,07/17/2024 01:34:49.629755,0,0,0,0,0,0,0,0,0,0,0,0,0,0,18.02,0
new_file,07/17/2024 01:35:49.629755,0,0,0,0,0,0,0,0,0,0,0,0,0,0,18.15,0
new_file,07/17/2024 01:36:49.629755,0,0,0,0,0,0,0,0,0,0,0,0,0,0,17.11,0
new_file,07/17/2024 01:37:49.629755,0,0,0,0,0,0,0,0,0,0,0,0,0,0,17.45,0
new_file,07/17/2024 01:38:49.629755,0,0,0,0,0,0,0,0,0,0,0,0,0,0,16.59,0
new_file,07/17/2024 01:39:49.629755,0,0,0,0,0,0,0,0,0,0,0,0,0,0,16.34,0
new_file,07/17/2024 01:40:49.629755,0,0,0,0,0,0,0,0,0,0,0,0,0,0,18.63,0
new_file,07/17/2024 01:41:49.629755,0,0,0,0,0,0,0,0,0,0,0,0,0,0,19.44,0
new_file,07/17/2024 01:42:49.629755,0,0,0,0,0,0,0,0,0,0,0,0,0,0,17.65,0
new_file,07/17/2024 01:43:49.629755,0,0,0,0,0,0,0,0,0,0,0,0,0,0,18.64,0
new_file,07/17/2024 01:44:49.629755,0,0,0,0,0,0,0,0,0,0,0,0,0,0,16.48,0
new_file,07/17/2024 01:45:49.629755,0,0,0,0,0,0,0,0,0,0,0,0,0,0,19.77,0
new_file,07/17/2024 01:46:49.629755,0,0,0,0,0,0,0,0,0,0,0,0,0,0,16.01,0
new_file,07/17/2024 01:47:49.629755,0,0,0,0,0,0,0,0,0,0,0,0,0,0,18.12,0
new_file,07/17/2024 01:48:49.629755,0,0,0,0,0,0,0,0,0,0,0,0,0,0,19.94,0
new_file,07/17/2024 01:49:49.629755,0,0,0,0,0,0,0,0,0,0,0,0,0,0,17.5,0
new_file,07/17/2024 01:50:49.629755,0,0,0,0,0,0,0,0,0,0,0,0,0,0,17.78,0
new_file,07/17/2024 01:51:49.629755,0,0,0,0,0,0,0,0,0,0,0,0,0,0,18.97,0
new_file,07/17/2024 01:52:49.629755,0,0,0,0,0,0,0,0,0,0,0,0,0,0,19.09,0
new_file,07/17/2024 01:53:49.629755,0,0,0,0,0,0,0,0,0,0,0,0,0,0,17.49,0
new_file,07/17/2024 01:54:49.629755,0,0,0,0,0,0,0,0,0,0,0,0,0,0,17.5,0
new_file,07/17/2024 01:55:49.629755,0,0,0,0,0,0,0,0,0,0,0,0,0,0,19.55,0
new_file,07/17/2024 01:56:49.629755,0,0,0,0,0,0,0,0,0,0,0,0,0,0,17.52,0
new_file,07/17/2024 01:57:49.629755,0,0,0,0,0,0,0,0,0,0,0,0,0,0,16.72,0
new_file,07/17/2024 01:58:49.629755,0,0,0,0,0,0,0,0,0,0,0,0,0,0,16.24,0
new_file,07/17/2024 01:59:49.629755,0,0,0,0,0,0,0,0,0,0,0,0,0,0,16.26,0
new_file,07/17/2024 02:00:49.629755,0,0,0,0,0,0,0,0,0,0,0,0,0,0,18.46,0
new_file,07/17/2024 02:01:49.629755,0,0,0,0,0,0,0,0,0,0,0,0,0,0,19.88,0
new_file,07/17/2024 02:02:49.629755,0,0,0,0,0,0,0,0,0,0,0,0,0,0,16.2,0
new_file,07/17/2024 02:03:49.629755,0,0,0,0,0,0,0,0,0,0,0,0,0,0,17.06,0
new_file,07/17/2024 02:04:49.629755,0,0,0,0,0,0,0,0,0,0,0,0,0,0,18.13,0
new_file,07/17/2024 02:05:49.629755,0,0,0,0,0,0,0,0,0,0,0,0,0,0,19.05,0
new_file,07/17/2024 02:06:49.629755,0,0,0,0,0,0,0,0,0,0,0,0,0,0,16.45,0
new_file,07/17/2024 02:07:49.629755,0,0,0,0,0,0,0,0,0,0,0,0,0,0,16.47,0
new_file,07/17/2024 02:08:49.629755,0,0,0,0,0,0,0,0,0,0,0,0,0,0,19.73,0
new_file,07/17/2024 02:09:49.629755,0,0,0,0,0,0,0,0,0,0,0,0,0,0,19.59,0
new_file,07/17/2024 02:10:49.629755,0,0,0,0,0,0,0,0,0,0,0,0,0,0,18.27,0
new_file,07/17/2024 02:11:49.629755,0,0,0,0,0,0,0,0,0,0,0,0,0,0,19.68,0
new_file,07/17/2024 02:12:49.629755,0,0,0,0,0,0,0,0,0,0,0,0,0,0,19.83,0
new_file,07/17/2024 02:13:49.629755,0,0,0,0,0,0,0,0,0,0,0,0,0,0,17.91,0
new_file,07/17/2024 02:14:49.629755,0,0,0,0,0,0,0,0,0,0,0,0,0,0,17.23,0
new_file,07/17/2024 02:15:49.629755,0,0,0,0,0,0,0,0,0,0,0,0,0,0,18.28,0
new_file,07/17/2024 02:16:49.629755,0,0,0,0,0,0,0,0,0,0,0,0,0,0,19.46,0
new_file,07/17/2024 02:17:49.629755,0,0,0,0,0,0,0,0,0,0,0,0,0,0,16.84,0
new_file,07/17/2024 02:18:49.629755,0,0,0,0,0,0,0,0,0,0,0,0,0,0,18.94,0
new_file,07/17/2024 02:19:49.629755,0,0,0,0,0,0,0,0,0,0,0,0,0,0,16.76,0
new_file,07/17/2024 02:20:49.629755,0,0,0,0,0,0,0,0,0,0,0,0,0,0,19.68,0
new_file,07/17/2024 02:21:49.629755,0,0,0,0,0,0,0,0,0,0,0,0,0,0,18.03,0
new_file,07/17/2024 02:22:49.629755,0,0,0,0,0,0,0,0,0,0,0,0,0,0,19.34,0
new_file,07/17/2024 02:23:49.629755,0,0,0,0,0,0,0,0,0,0,0,0,0,0,18.55,0
new_file,07/17/2024 02:24:49.629755,0,0,0,0,0,0,0,0,0,0,0,0,0,0,18.41,0
new_file,07/17/2024 02:25:49.629755,0,0,0,0,0,0,0,0,0,0,0,0,0,0,19.37,0
new_file,07/17/2024 02:26:49.629755,0,0,0,0,0,0,0,0,0,0,0,0,0,0,18.69,0
new_file,07/17/2024 02:27:49.629755,0,0,0,0,0,0,0,0,0,0,0,0,0,0,18.32,0
new_file,07/17/2024 02:28:49.629755,0,0,0,0,0,0,0,0,0,0,0,0,0,0,16.73,0
new_file,07/17/2024 02:29:49.629755,0,0,0,0,0,0,0,0,0,0,0,0,0,0,18.23,0
new_file,07/17/2024 02:30:49.629755,0,0,0,0,0,0,0,0,0,0,0,0,0,0,17.1,0
new_file,07/17/2024 02:31:49.629755,0,0,0,0,0,0,0,0,0,0,0,0,0,0,19.98,0
new_file,07/17/2024 02:32:49.629755,0,0,0,0,0,0,0,0,0,0,0,0,0,0,16.05,0
new_file,07/17/2024 02:33:49.629755,0,0,0,0,0,0,0,0,0,0,0,0,0,0,17.88,0
new_file,07/17/2024 02:34:49.629755,0,0,0,0,0,0,0,0,0,0,0,0,0,0,19.19,0
new_file,07/17/2024 02:35:49.629755,0,0,0,0,0,0,0,0,0,0,0,0,0,0,17.09,0
new_file,07/17/2024 02:36:49.629755,0,0,0,0,0,0,0,0,0,0,0,0,0,0,19.02,0
new_file,07/17/2024 02:37:49.629755,0,0,0,0,0,0,0,0,0,0,0,0,0,0,18.74,0
new_file,07/17/2024 02:38:49.629755,0,0,0,0,0,0,0,0,0,0,0,0,0,0,16.76,0
new_file,07/17/2024 02:39:49.629755,0,0,0,0,0,0,0,0,0,0,0,0,0,0,17.53,0
new_file,07/17/2024 02:40:49.629755,0,0,0,0,0,0,0,0,0,0,0,0,0,0,16.09,0
new_file,07/17/2024 02:41:49.629755,0,0,0,0,0,0,0,0,0,0,0,0,0,0,16.43,0
new_file,07/17/2024 02:42:49.629755,0,0,0,0,0,0,0,0,0,0,0,0,0,0,17.18,0
new_file,07/17/2024 02:43:49.629755,0,0,0,0,0,0,0,0,0,0,0,0,0,0,19.49,0
new_file,07/17/2024 02:44:49.629755,0,0,0,0,0,0,0,0,0,0,0,0,0,0,19.58,0
new_file,07/17/2024 02:45:49.629755,0,0,0,0,0,0,0,0,0,0,0,0,0,0,18.1,0
new_file,07/17/2024 02:46:49.629755,0,0,0,0,0,0,0,0,0,0,0,0,0,0,18.26,0
new_file,07/17/2024 02:47:49.629755,0,0,0,0,0,0,0,0,0,0,0,0,0,0,18.58,0
new_file,07/17/2024 02:48:49.629755,0,0,0,0,0,0,0,0,0,0,0,0,0,0,19.25,0
new_file,07/17/2024 02:49:49.629755,0,0,0,0,0,0,0,0,0,0,0,0,0,0,19.03,0
new_file,07/17/2024 02:50:49.629755,0,0,0,0,0,0,0,0,0,0,0,0,0,0,16.94,0
new_file,07/17/2024 02:51:49.629755,0,0,0,0,0,0,0,0,0,0,0,0,0,0,18.85,0
new_file,07/17/2024 02:52:49.629755,0,0,0,0,0,0,0,0,0,0,0,0,0,0,17.79,0
new_file,07/17/2024 02:53:49.629755,0,0,0,0,0,0,0,0,0,0,0,0,0,0,16.03,0
new_file,07/17/2024 02:54:49.629755,0,0,0,0,0,0,0,0,0,0,0,0,0,0,19.53,0
new_file,07/17/2024 02:55:49.629755,0,0,0,0,0,0,0,0,0,0,0,0,0,0,16.1,0
new_file,07/17/2024 02:56:49.629755,0,0,0,0,0,0,0,0,0,0,0,0,0,0,16.36,0
new_file,07/17/2024 02:57:49.629755,0,0,0,0,0,0,0,0,0,0,0,0,0,0,19.73,0
new_file,07/17/2024 02:58:49.629755,0,0,0,0,0,0,0,0,0,0,0,0,0,0,17.88,0
new_file,07/17/2024 02:59:49.629755,0,0,0,0,0,0,0,0,0,0,0,0,0,0,19.94,0
new_file,07/17/2024 03:00:49.629755,0,0,0,0,0,0,0,0,0,0,0,0,0,0,18.35,0
new_file,07/17/2024 03:01:49.629755,0,0,0,0,0,0,0,0,0,0,0,0,0,0,16.16,0
new_file,07/17/2024 03:02:49.629755,0,0,0,0,0,0,0,0,0,0,0,0,0,0,18.48,0
new_file,07/17/2024 03:03:49.629755,0,0,0,0,0,0,0,0,0,0,0,0,0,0,18.62,0
new_file,07/17/2024 03:04:49.629755,0,0,0,0,0,0,0,0,0,0,0,0,0,0,18.96,0
new_file,07/17/2024 03:05:49.629755,0,0,0,0,0,0,0,0,0,0,0,0,0,0,16.4,0
new_file,07/17/2024 03:06:49.629755,0,0,0,0,0,0,0,0,0,0,0,0,0,0,16.83,0
new_file,07/17/2024 03:07:49.629755,0,0,0,0,0,0,0,0,0,0,0,0,0,0,17.88,0
new_file,07/17/2024 03:08:49.629755,0,0,0,0,0,0,0,0,0,0,0,0,0,0,19.45,0
new_file,07/17/2024 03:09:49.629755,0,0,0,0,0,0,0,0,0,0,0,0,0,0,16.09,0
new_file,07/17/2024 03:10:49.629755,0,0,0,0,0,0,0,0,0,0,0,0,0,0,19.22,0
new_file,07/17/2024 03:11:49.629755,0,0,0,0,0,0,0,0,0,0,0,0,0,0,17.38,0
new_file,07/17/2024 03:12:49.629755,0,0,0,0,0,0,0,0,0,0,0,0,0,0,18.39,0
new_file,07/17/2024 03:13:49.629755,0,0,0,0,0,0,0,0,0,0,0,0,0,0,18.28,0
new_file,07/17/2024 03:14:49.629755,0,0,0,0,0,0,0,0,0,0,0,0,0,0,16.03,0
new_file,07/17/2024 03:15:49.629755,0,0,0,0,0,0,0,0,0,0,0,0,0,0,17.57,0
new_file,07/17/2024 03:16:49.629755,0,0,0,0,0,0,0,0,0,0,0,0,0,0,16.96,0
new_file,07/17/2024 03:17:49.629755,0,0,0,0,0,0,0,0,0,0,0,0,0,0,19.6,0
new_file,07/17/2024 03:18:49.629755,0,0,0,0,0,0,0,0,0,0,0,0,0,0,18.81,0
new_file,07/17/2024 03:19:49.629755,0,0,0,0,0,0,0,0,0,0,0,0,0,0,17.29,0
new_file,07/17/2024 03:20:49.629755,0,0,0,0,0,0,0,0,0,0,0,0,0,0,16.09,0
new_file,07/17/2024 03:21:49.629755,0,0,0,0,0,0,0,0,0,0,0,0,0,0,19.8,0
new_file,07/17/2024 03:22:49.629755,0,0,0,0,0,0,0,0,0,0,0,0,0,0,19.6,0
new_file,07/17/2024 03:23:49.629755,0,0,0,0,0,0,0,0,0,0,0,0,0,0,17.08,0
new_file,07/17/2024 03:24:49.629755,0,0,0,0,0,0,0,0,0,0,0,0,0,0,19.7,0
new_file,07/17/2024 03:25:49.629755,0,0,0,0,0,0,0,0,0,0,0,0,0,0,19.09,0
new_file,07/17/2024 03:26:49.629755,0,0,0,0,0,0,0,0,0,0,0,0,0,0,18.66,0
new_file,07/17/2024 03:27:49.629755,0,0,0,0,0,0,0,0,0,0,0,0,0,0,18.06,0
new_file,07/17/2024 03:28:49.629755,0,0,0,0,0,0,0,0,0,0,0,0,0,0,19.18,0
new_file,07/17/2024 03:29:49.629755,0,0,0,0,0,0,0,0,0,0,0,0,0,0,16.07,0
new_file,07/17/2024 03:30:49.629755,0,0,0,0,0,0,0,0,0,0,0,0,0,0,16.61,0
new_file,07/17/2024 03:31:49.629755,0,0,0,0,0,0,0,0,0,0,0,0,0,0,19.55,0
new_file,07/17/2024 03:32:49.629755,0,0,0,0,0,0,0,0,0,0,0,0,0,0,19.84,0
new_file,07/17/2024 03:33:49.629755,0,0,0,0,0,0,0,0,0,0,0,0,0,0,18.15,0
new_file,07/17/2024 03:34:49.629755,0,0,0,0,0,0,0,0,0,0,0,0,0,0,16.02,0
new_file,07/17/2024 03:35:49.629755,0,0,0,0,0,0,0,0,0,0,0,0,0,0,17.2,0
new_file,07/17/2024 03:36:49.629755,0,0,0,0,0,0,0,0,0,0,0,0,0,0,16.88,0
new_file,07/17/2024 03:37:49.629755,0,0,0,0,0,0,0,0,0,0,0,0,0,0,17.62,0
new_file,07/17/2024 03:38:49.629755,0,0,0,0,0,0,0,0,0,0,0,0,0,0,19.06,0
new_file,07/17/2024 03:39:49.629755,0,0,0,0,0,0,0,0,0,0,0,0,0,0,17.05,0
new_file,07/17/2024 03:40:49.629755,0,0,0,0,0,0,0,0,0,0,0,0,0,0,17.16,0
new_file,07/17/2024 03:41:49.629755,0,0,0,0,0,0,0,0,0,0,0,0,0,0,18.18,0
new_file,07/17/2024 03:42:49.629755,0,0,0,0,0,0,0,0,0,0,0,0,0,0,17.72,0
new_file,07/17/2024 03:43:49.629755,0,0,0,0,0,0,0,0,0,0,0,0,0,0,16.27,0
new_file,07/17/2024 03:44:49.629755,0,0,0,0,0,0,0,0,0,0,0,0,0,0,17.63,0
new_file,07/17/2024 03:45:49.629755,0,0,0,0,0,0,0,0,0,0,0,0,0,0,18.71,0
new_file,07/17/2024 03:46:49.629755,0,0,0,0,0,0,0,0,0,0,0,0,0,0,18.35,0
new_file,07/17/2024 03:47:49.629755,0,0,0,0,0,0,0,0,0,0,0,0,0,0,17.74,0
new_file,07/17/2024 03:48:49.629755,0,0,0,0,0,0,0,0,0,0,0,0,0,0,16.16,0
new_file,07/17/2024 03:49:49.629755,0,0,0,0,0,0,0,0,0,0,0,0,0,0,19.23,0
new_file,07/17/2024 03:50:49.629755,0,0,0,0,0,0,0,0,0,0,0,0,0,0,17.67,0
new_file,07/17/2024 03:51:49.629755,0,0,0,0,0,0,0,0,0,0,0,0,0,0,17.31,0
new_file,07/17/2024 03:52:49.629755,0,0,0,0,0,0,0,0,0,0,0,0,0,0,16.83,0
new_file,07/17/2024 03:53:49.629755,0,0,0,0,0,0,0,0,0,0,0,0,0,0,17.33,0
new_file,07/17/2024 03:54:49.629755,0,0,0,0,0,0,0,0,0,0,0,0,0,0,17.22,0
new_file,07/17/2024 03:55:49.629755,0,0,0,0,0,0,0,0,0,0,0,0,0,0,17.02,0
new_file,07/17/2024 03:56:49.629755,0,0,0,0,0,0,0,0,0,0,0,0,0,0,18.29,0
new_file,07/17/2024 03:57:49.629755,0,0,0,0,0,0,0,0,0,0,0,0,0,0,16.29,0
new_file,07/17/2024 03:58:49.629755,0,0,0,0,0,0,0,0,0,0,0,0,0,0,19.7,0
new_file,07/17/2024 03:59:49.629755,0,0,0,0,0,0,0,0,0,0,0,0,0,0,18.54,0
new_file,07/17/2024 04:00:49.629755,0,0,0,0,0,0,0,0,0,0,0,0,0,0,18.77,0
new_file,07/17/2024 04:01:49.629755,0,0,0,0,0,0,0,0,0,0,0,0,0,0,18.86,0
new_file,07/17/2024 04:02:49.629755,0,0,0,0,0,0,0,0,0,0,0,0,0,0,18.0,0
new_file,07/17/2024 04:03:49.629755,0,0,0,0,0,0,0,0,0,0,0,0,0,0,16.56,0
new_file,07/17/2024 04:04:49.629755,0,0,0,0,0,0,0,0,0,0,0,0,0,0,17.23,0
new_file,07/17/2024 04:05:49.629755,0,0,0,0,0,0,0,0,0,0,0,0,0,0,18.75,0
new_file,07/17/2024 04:06:49.629755,0,0,0,0,0,0,0,0,0,0,0,0,0,0,18.23,0
new_file,07/17/2024 04:07:49.629755,0,0,0,0,0,0,0,0,0,0,0,0,0,0,17.7,0
new_file,07/17/2024 04:08:49.629755,0,0,0,0,0,0,0,0,0,0,0,0,0,0,17.16,0
new_file,07/17/2024 04:09:49.629755,0,0,0,0,0,0,0,0,0,0,0,0,0,0,17.76,0
new_file,07/17/2024 04:10:49.629755,0,0,0,0,0,0,0,0,0,0,0,0,0,0,17.9,0
new_file,07/17/2024 04:11:49.629755,0,0,0,0,0,0,0,0,0,0,0,0,0,0,17.29,0
new_file,07/17/2024 04:12:49.629755,0,0,0,0,0,0,0,0,0,0,0,0,0,0,18.01,0
new_file,07/17/2024 04:13:49.629755,0,0,0,0,0,0,0,0,0,0,0,0,0,0,18.45,0
new_file,07/17/2024 04:14:49.629755,0,0,0,0,0,0,0,0,0,0,0,0,0,0,16.59,0
new_file,07/17/2024 04:15:49.629755,0,0,0,0,0,0,0,0,0,0,0,0,0,0,18.35,0
new_file,07/17/2024 04:16:49.629755,0,0,0,0,0,0,0,0,0,0,0,0,0,0,19.86,0
new_file,07/17/2024 04:17:49.629755,0,0,0,0,0,0,0,0,0,0,0,0,0,0,19.48,0
new_file,07/17/2024 04:18:49.629755,0,0,0,0,0,0,0,0,0,0,0,0,0,0,18.18,0
new_file,07/17/2024 04:19:49.629755,0,0,0,0,0,0,0,0,0,0,0,0,0,0,17.54,0
new_file,07/17/2024 04:20:49.629755,0,0,0,0,0,0,0,0,0,0,0,0,0,0,16.59,0
new_file,07/17/2024 04:21:49.629755,0,0,0,0,0,0,0,0,0,0,0,0,0,0,17.96,0
new_file,07/17/2024 04:22:49.629755,0,0,0,0,0,0,0,0,0,0,0,0,0,0,18.82,0
new_file,07/17/2024 04:23:49.629755,0,0,0,0,0,0,0,0,0,0,0,0,0,0,19.83,0
new_file,07/17/2024 04:24:49.629755,0,0,0,0,0,0,0,0,0,0,0,0,0,0,18.55,0
new_file,07/17/2024 04:25:49.629755,0,0,0,0,0,0,0,0,0,0,0,0,0,0,19.77,0
new_file,07/17/2024 04:26:49.629755,0,0,0,0,0,0,0,0,0,0,0,0,0,0,18.69,0
new_file,07/17/2024 04:27:49.629755,0,0,0,0,0,0,0,0,0,0,0,0,0,0,16.76,0
new_file,07/17/2024 04:28:49.629755,0,0,0,0,0,0,0,0,0,0,0,0,0,0,19.83,0
new_file,07/17/2024 04:29:49.629755,0,0,0,0,0,0,0,0,0,0,0,0,0,0,19.3,0
new_file,07/17/2024 04:30:49.629755,0,0,0,0,0,0,0,0,0,0,0,0,0,0,16.79,0
new_file,07/17/2024 04:31:49.629755,0,0,0,0,0,0,0,0,0,0,0,0,0,0,19.95,0
new_file,07/17/2024 04:32:49.629755,0,0,0,0,0,0,0,0,0,0,0,0,0,0,19.66,0
new_file,07/17/2024 04:33:49.629755,0,0,0,0,0,0,0,0,0,0,0,0,0,0,17.01,0
new_file,07/17/2024 04:34:49.629755,0,0,0,0,0,0,0,0,0,0,0,0,0,0,16.47,0
new_file,07/17/2024 04:35:49.629755,0,0,0,0,0,0,0,0,0,0,0,0,0,0,18.54,0
new_file,07/17/2024 04:36:49.629755,0,0,0,0,0,0,0,0,0,0,0,0,0,0,17.9,0
new_file,07/17/2024 04:37:49.629755,0,0,0,0,0,0,0,0,0,0,0,0,0,0,16.36,0
new_file,07/17/2024 04:38:49.629755,0,0,0,0,0,0,0,0,0,0,0,0,0,0,18.4,0
new_file,07/17/2024 04:39:49.629755,0,0,0,0,0,0,0,0,0,0,0,0,0,0,16.45,0
new_file,07/17/2024 04:40:49.629755,0,0,0,0,0,0,0,0,0,0,0,0,0,0,19.61,0
new_file,07/17/2024 04:41:49.629755,0,0,0,0,0,0,0,0,0,0,0,0,0,0,17.04,0
new_file,07/17/2024 04:42:49.629755,0,0,0,0,0,0,0,0,0,0,0,0,0,0,18.07,0
new_file,07/17/2024 04:43:49.629755,0,0,0,0,0,0,0,0,0,0,0,0,0,0,16.82,0
new_file,07/17/2024 04:44:49.629755,0,0,0,0,0,0,0,0,0,0,0,0,0,0,16.93,0
new_file,07/17/2024 04:45:49.629755,0,0,0,0,0,0,0,0,0,0,0,0,0,0,17.43,0
new_file,07/17/2024 04:46:49.629755,0,0,0,0,0,0,0,0,0,0,0,0,0,0,19.37,0
new_file,07/17/2024 04:47:49.629755,0,0,0,0,0,0,0,0,0,0,0,0,0,0,18.8,0
new_file,07/17/2024 04:48:49.629755,0,0,0,0,0,0,0,0,0,0,0,0,0,0,16.84,0
new_file,07/17/2024 04:49:49.629755,0,0,0,0,0,0,0,0,0,0,0,0,0,0,16.07,0
new_file,07/17/2024 04:50:49.629755,0,0,0,0,0,0,0,0,0,0,0,0,0,0,16.1,0
new_file,07/17/2024 04:51:49.629755,0,0,0,0,0,0,0,0,0,0,0,0,0,0,16.57,0
new_file,07/17/2024 04:52:49.629755,0,0,0,0,0,0,0,0,0,0,0,0,0,0,19.83,0
new_file,07/17/2024 04:53:49.629755,0,0,0,0,0,0,0,0,0,0,0,0,0,0,19.22,0
new_file,07/17/2024 04:54:49.629755,0,0,0,0,0,0,0,0,0,0,0,0,0,0,19.73,0
new_file,07/17/2024 04:55:49.629755,0,0,0,0,0,0,0,0,0,0,0,0,0,0,16.53,0
new_file,07/17/2024 04:56:49.629755,0,0,0,0,0,0,0,0,0,0,0,0,0,0,18.45,0
new_file,07/17/2024 04:57:49.629755,0,0,0,0,0,0,0,0,0,0,0,0,0,0,18.47,0
new_file,07/17/2024 04:58:49.629755,0,0,0,0,0,0,0,0,0,0,0,0,0,0,19.94,0
new_file,07/17/2024 04:59:49.629755,0,0,0,0,0,0,0,0,0,0,0,0,0,0,16.44,0
new_file,07/17/2024 05:00:49.629755,0,0,0,0,0,0,0,0,0,0,0,0,0,0,17.85,0
new_file,07/17/2024 05:01:49.629755,0,0,0,0,0,0,0,0,0,0,0,0,0,0,19.16,0
new_file,07/17/2024 05:02:49.629755,0,0,0,0,0,0,0,0,0,0,0,0,0,0,19.07,0
new_file,07/17/2024 05:03:49.629755,0,0,0,0,0,0,0,0,0,0,0,0,0,0,17.45,0
new_file,07/17/2024 05:04:49.629755,0,0,0,0,0,0,0,0,0,0,0,0,0,0,18.0,0
new_file,07/17/2024 05:05:49.629755,0,0,0,0,0,0,0,0,0,0,0,0,0,0,19.77,0
new_file,07/17/2024 05:06:49.629755,0,0,0,0,0,0,0,0,0,0,0,0,0,0,19.94,0
new_file,07/17/2024 05:07:49.629755,0,0,0,0,0,0,0,0,0,0,0,0,0,0,19.68,0
new_file,07/17/2024 05:08:49.629755,0,0,0,0,0,0,0,0,0,0,0,0,0,0,17.78,0
new_file,07/17/2024 05:09:49.629755,0,0,0,0,0,0,0,0,0,0,0,0,0,0,16.46,0
new_file,07/17/2024 05:10:49.629755,0,0,0,0,0,0,0,0,0,0,0,0,0,0,19.45,0
new_file,07/17/2024 05:11:49.629755,0,0,0,0,0,0,0,0,0,0,0,0,0,0,16.6,0
new_file,07/17/2024 05:12:49.629755,0,0,0,0,0,0,0,0,0,0,0,0,0,0,19.36,0
new_file,07/17/2024 05:13:49.629755,0,0,0,0,0,0,0,0,0,0,0,0,0,0,19.73,0
new_file,07/17/2024 05:14:49.629755,0,0,0,0,0,0,0,0,0,0,0,0,0,0,19.41,0
new_file,07/17/2024 05:15:49.629755,0,0,0,0,0,0,0,0,0,0,0,0,0,0,16.66,0
new_file,07/17/2024 05:16:49.629755,0,0,0,0,0,0,0,0,0,0,0,0,0,0,18.73,0
new_file,07/17/2024 05:17:49.629755,0,0,0,0,0,0,0,0,0,0,0,0,0,0,19.85,0
new_file,07/17/2024 05:18:49.629755,0,0,0,0,0,0,0,0,0,0,0,0,0,0,19.64,0
new_file,07/17/2024 05:19:49.629755,0,0,0,0,0,0,0,0,0,0,0,0,0,0,19.24,0
new_file,07/17/2024 05:20:49.629755,0,0,0,0,0,0,0,0,0,0,0,0,0,0,18.44,0
new_file,07/17/2024 05:21:49.629755,0,0,0,0,0,0,0,0,0,0,0,0,0,0,18.4,0
new_file,07/17/2024 05:22:49.629755,0,0,0,0,0,0,0,0,0,0,0,0,0,0,19.75,0
new_file,07/17/2024 05:23:49.629755,0,0,0,0,0,0,0,0,0,0,0,0,0,0,19.5,0
new_file,07/17/2024 05:24:49.629755,0,0,0,0,0,0,0,0,0,0,0,0,0,0,16.25,0
new_file,07/17/2024 05:25:49.629755,0,0,0,0,0,0,0,0,0,0,0,0,0,0,16.41,0
new_file,07/17/2024 05:26:49.629755,0,0,0,0,0,0,0,0,0,0,0,0,0,0,16.15,0
new_file,07/17/2024 05:27:49.629755,0,0,0,0,0,0,0,0,0,0,0,0,0,0,17.73,0
new_file,07/17/2024 05:28:49.629755,0,0,0,0,0,0,0,0,0,0,0,0,0,0,17.74,0
new_file,07/17/2024 05:29:49.629755,0,0,0,0,0,0,0,0,0,0,0,0,0,0,17.49,0
new_file,07/17/2024 05:30:49.629755,0,0,0,0,0,0,0,0,0,0,0,0,0,0,17.5,0
new_file,07/17/2024 05:31:49.629755,0,0,0,0,0,0,0,0,0,0,0,0,0,0,19.54,0
new_file,07/17/2024 05:32:49.629755,0,0,0,0,0,0,0,0,0,0,0,0,0,0,19.21,0
new_file,07/17/2024 05:33:49.629755,0,0,0,0,0,0,0,0,0,0,0,0,0,0,18.41,0
new_file,07/17/2024 05:34:49.629755,0,0,0,0,0,0,0,0,0,0,0,0,0,0,16.05,0
new_file,07/17/2024 05:35:49.629755,0,0,0,0,0,0,0,0,0,0,0,0,0,0,17.53,0
new_file,07/17/2024 05:36:49.629755,0,0,0,0,0,0,0,0,0,0,0,0,0,0,18.85,0
new_file,07/17/2024 05:37:49.629755,0,0,0,0,0,0,0,0,0,0,0,0,0,0,17.98,0
new_file,07/17/2024 05:38:49.629755,0,0,0,0,0,0,0,0,0,0,0,0,0,0,19.16,0
new_file,07/17/2024 05:39:49.629755,0,0,0,0,0,0,0,0,0,0,0,0,0,0,17.05,0
new_file,07/17/2024 05:40:49.629755,0,0,0,0,0,0,0,0,0,0,0,0,0,0,19.06,0
new_file,07/17/2024 05:41:49.629755,0,0,0,0,0,0,0,0,0,0,0,0,0,0,16.88,0
new_file,07/17/2024 05:42:49.629755,0,0,0,0,0,0,0,0,0,0,0,0,0,0,18.71,0
new_file,07/17/2024 05:43:49.629755,0,0,0,0,0,0,0,0,0,0,0,0,0,0,16.34,0
new_file,07/17/2024 05:44:49.629755,0,0,0,0,0,0,0,0,0,0,0,0,0,0,19.14,0
new_file,07/17/2024 05:45:49.629755,0,0,0,0,0,0,0,0,0,0,0,0,0,0,18.86,0
new_file,07/17/2024 05:46:49.629755,0,0,0,0,0,0,0,0,0,0,0,0,0,0,18.92,0
new_file,07/17/2024 05:47:49.629755,0,0,0,0,0,0,0,0,0,0,0,0,0,0,17.55,0
new_file,07/17/2024 05:48:49.629755,0,0,0,0,0,0,0,0,0,0,0,0,0,0,17.65,0
new_file,07/17/2024 05:49:49.629755,0,0,0,0,0,0,0,0,0,0,0,0,0,0,19.19,0
new_file,07/17/2024 05:50:49.629755,0,0,0,0,0,0,0,0,0,0,0,0,0,0,19.49,0
new_file,07/17/2024 05:51:49.629755,0,0,0,0,0,0,0,0,0,0,0,0,0,0,19.28,0
new_file,07/17/2024 05:52:49.629755,0,0,0,0,0,0,0,0,0,0,0,0,0,0,17.2,0
new_file,07/17/2024 05:53:49.629755,0,0,0,0,0,0,0,0,0,0,0,0,0,0,19.18,0
new_file,07/17/2024 05:54:49.629755,0,0,0,0,0,0,0,0,0,0,0,0,0,0,19.97,0
new_file,07/17/2024 05:55:49.629755,0,0,0,0,0,0,0,0,0,0,0,0,0,0,19.92,0
new_file,07/17/2024 05:56:49.629755,0,0,0,0,0,0,0,0,0,0,0,0,0,0,19.74,0
new_file,07/17/2024 05:57:49.629755,0,0,0,0,0,0,0,0,0,0,0,0,0,0,18.06,0
new_file,07/17/2024 05:58:49.629755,0,0,0,0,0,0,0,0,0,0,0,0,0,0,19.39,0
new_file,07/17/2024 05:59:49.629755,0,0,0,0,0,0,0,0,0,0,0,0,0,0,18.25,0
new_file,07/17/2024 06:00:49.629755,0,0,0,0,0,0,0,0,0,0,0,0,0,0,18.0,0
new_file,07/17/2024 06:01:49.629755,0,0,0,0,0,0,0,0,0,0,0,0,0,0,18.88,0
new_file,07/17/2024 06:02:49.629755,0,0,0,0,0,0,0,0,0,0,0,0,0,0,18.78,0
new_file,07/17/2024 06:03:49.629755,0,0,0,0,0,0,0,0,0,0,0,0,0,0,16.72,0
new_file,07/17/2024 06:04:49.629755,0,0,0,0,0,0,0,0,0,0,0,0,0,0,16.56,0
new_file,07/17/2024 06:05:49.629755,0,0,0,0,0,0,0,0,0,0,0,0,0,0,16.96,0
new_file,07/17/2024 06:06:49.629755,0,0,0,0,0,0,0,0,0,0,0,0,0,0,16.31,0
new_file,07/17/2024 06:07:49.629755,0,0,0,0,0,0,0,0,0,0,0,0,0,0,16.35,0
new_file,07/17/2024 06:08:49.629755,0,0,0,0,0,0,0,0,0,0,0,0,0,0,18.08,0
new_file,07/17/2024 06:09:49.629755,0,0,0,0,0,0,0,0,0,0,0,0,0,0,16.14,0
new_file,07/17/2024 06:10:49.629755,0,0,0,0,0,0,0,0,0,0,0,0,0,0,17.31,0
new_file,07/17/2024 06:11:49.629755,0,0,0,0,0,0,0,0,0,0,0,0,0,0,16.89,0
new_file,07/17/2024 06:12:49.629755,0,0,0,0,0,0,0,0,0,0,0,0,0,0,19.39,0
new_file,07/17/2024 06:13:49.629755,0,0,0,0,0,0,0,0,0,0,0,0,0,0,17.98,0
new_file,07/17/2024 06:14:49.629755,0,0,0,0,0,0,0,0,0,0,0,0,0,0,18.07,0
new_file,07/17/2024 06:15:49.629755,0,0,0,0,0,0,0,0,0,0,0,0,0,0,18.15,0
new_file,07/17/2024 06:16:49.629755,0,0,0,0,0,0,0,0,0,0,0,0,0,0,16.08,0
new_file,07/17/2024 06:17:49.629755,0,0,0,0,0,0,0,0,0,0,0,0,0,0,18.07,0
new_file,07/17/2024 06:18:49.629755,0,0,0,0,0,0,0,0,0,0,0,0,0,0,19.2,0
new_file,07/17/2024 06:19:49.629755,0,0,0,0,0,0,0,0,0,0,0,0,0,0,19.67,0
new_file,07/17/2024 06:20:49.629755,0,0,0,0,0,0,0,0,0,0,0,0,0,0,16.23,0
new_file,07/17/2024 06:21:49.629755,0,0,0,0,0,0,0,0,0,0,0,0,0,0,16.8,0
new_file,07/17/2024 06:22:49.629755,0,0,0,0,0,0,0,0,0,0,0,0,0,0,17.52,0
new_file,07/17/2024 06:23:49.629755,0,0,0,0,0,0,0,0,0,0,0,0,0,0,18.66,0
new_file,07/17/2024 06:24:49.629755,0,0,0,0,0,0,0,0,0,0,0,0,0,0,19.52,0
new_file,07/17/2024 06:25:49.629755,0,0,0,0,0,0,0,0,0,0,0,0,0,0,16.25,0
new_file,07/17/2024 06:26:49.629755,0,0,0,0,0,0,0,0,0,0,0,0,0,0,18.82,0
new_file,07/17/2024 06:27:49.629755,0,0,0,0,0,0,0,0,0,0,0,0,0,0,17.25,0
new_file,07/17/2024 06:28:49.629755,0,0,0,0,0,0,0,0,0,0,0,0,0,0,19.41,0
new_file,07/17/2024 06:29:49.629755,0,0,0,0,0,0,0,0,0,0,0,0,0,0,19.46,0
new_file,07/17/2024 06:30:49.629755,0,0,0,0,0,0,0,0,0,0,0,0,0,0,17.32,0
new_file,07/17/2024 06:31:49.629755,0,0,0,0,0,0,0,0,0,0,0,0,0,0,19.48,0
new_file,07/17/2024 06:32:49.629755,0,0,0,0,0,0,0,0,0,0,0,0,0,0,18.89,0
new_file,07/17/2024 06:33:49.629755,0,0,0,0,0,0,0,0,0,0,0,0,0,0,16.03,0
new_file,07/17/2024 06:34:49.629755,0,0,0,0,0,0,0,0,0,0,0,0,0,0,18.9,0
new_file,07/17/2024 06:35:49.629755,0,0,0,0,0,0,0,0,0,0,0,0,0,0,17.61,0
new_file,07/17/2024 06:36:49.629755,0,0,0,0,0,0,0,0,0,0,0,0,0,0,19.96,0
new_file,07/17/2024 06:37:49.629755,0,0,0,0,0,0,0,0,0,0,0,0,0,0,16.24,0
new_file,07/17/2024 06:38:49.629755,0,0,0,0,0,0,0,0,0,0,0,0,0,0,18.54,0
new_file,07/17/2024 06:39:49.629755,0,0,0,0,0,0,0,0,0,0,0,0,0,0,18.83,0
new_file,07/17/2024 06:40:49.629755,0,0,0,0,0,0,0,0,0,0,0,0,0,0,18.55,0
new_file,07/17/2024 06:41:49.629755,0,0,0,0,0,0,0,0,0,0,0,0,0,0,18.75,0
new_file,07/17/2024 06:42:49.629755,0,0,0,0,0,0,0,0,0,0,0,0,0,0,18.35,0
new_file,07/17/2024 06:43:49.629755,0,0,0,0,0,0,0,0,0,0,0,0,0,0,19.27,0
new_file,07/17/2024 06:44:49.629755,0,0,0,0,0,0,0,0,0,0,0,0,0,0,19.34,0
new_file,07/17/2024 06:45:49.629755,0,0,0,0,0,0,0,0,0,0,0,0,0,0,19.21,0
new_file,07/17/2024 06:46:49.629755,0,0,0,0,0,0,0,0,0,0,0,0,0,0,17.32,0
new_file,07/17/2024 06:47:49.629755,0,0,0,0,0,0,0,0,0,0,0,0,0,0,18.5,0
new_file,07/17/2024 06:48:49.629755,0,0,0,0,0,0,0,0,0,0,0,0,0,0,17.97,0
new_file,07/17/2024 06:49:49.629755,0,0,0,0,0,0,0,0,0,0,0,0,0,0,19.33,0
new_file,07/17/2024 06:50:49.629755,0,0,0,0,0,0,0,0,0,0,0,0,0,0,16.33,0
new_file,07/17/2024 06:51:49.629755,0,0,0,0,0,0,0,0,0,0,0,0,0,0,17.76,0
new_file,07/17/2024 06:52:49.629755,0,0,0,0,0,0,0,0,0,0,0,0,0,0,16.12,0
new_file,07/17/2024 06:53:49.629755,0,0,0,0,0,0,0,0,0,0,0,0,0,0,18.93,0
new_file,07/17/2024 06:54:49.629755,0,0,0,0,0,0,0,0,0,0,0,0,0,0,16.57,0
new_file,07/17/2024 06:55:49.629755,0,0,0,0,0,0,0,0,0,0,0,0,0,0,19.87,0
new_file,07/17/2024 06:56:49.629755,0,0,0,0,0,0,0,0,0,0,0,0,0,0,18.53,0
new_file,07/17/2024 06:57:49.629755,0,0,0,0,0,0,0,0,0,0,0,0,0,0,16.52,0
new_file,07/17/2024 06:58:49.629755,0,0,0,0,0,0,0,0,0,0,0,0,0,0,18.45,0
new_file,07/17/2024 06:59:49.629755,0,0,0,0,0,0,0,0,0,0,0,0,0,0,16.83,0
new_file,07/17/2024 07:00:49.629755,0,0,0,0,0,0,0,0,0,0,0,0,0,0,16.95,0
new_file,07/17/2024 07:01:49.629755,0,0,0,0,0,0,0,0,0,0,0,0,0,0,17.43,0
new_file,07/17/2024 07:02:49.629755,0,0,0,0,0,0,0,0,0,0,0,0,0,0,18.99,0
new_file,07/17/2024 07:03:49.629755,0,0,0,0,0,0,0,0,0,0,0,0,0,0,16.28,0
new_file,07/17/2024 07:04:49.629755,0,0,0,0,0,0,0,0,0,0,0,0,0,0,19.42,0
new_file,07/17/2024 07:05:49.629755,0,0,0,0,0,0,0,0,0,0,0,0,0,0,19.54,0
new_file,07/17/2024 07:06:49.629755,0,0,0,0,0,0,0,0,0,0,0,0,0,0,19.39,0
new_file,07/17/2024 07:07:49.629755,0,0,0,0,0,0,0,0,0,0,0,0,0,0,19.33,0
new_file,07/17/2024 07:08:49.629755,0,0,0,0,0,0,0,0,0,0,0,0,0,0,16.67,0
new_file,07/17/2024 07:09:49.629755,0,0,0,0,0,0,0,0,0,0,0,0,0,0,18.35,0
new_file,07/17/2024 07:10:49.629755,0,0,0,0,0,0,0,0,0,0,0,0,0,0,16.64,0
new_file,07/17/2024 07:11:49.629755,0,0,0,0,0,0,0,0,0,0,0,0,0,0,18.68,0
new_file,07/17/2024 07:12:49.629755,0,0,0,0,0,0,0,0,0,0,0,0,0,0,16.95,0
new_file,07/17/2024 07:13:49.629755,0,0,0,0,0,0,0,0,0,0,0,0,0,0,19.53,0
new_file,07/17/2024 07:14:49.629755,0,0,0,0,0,0,0,0,0,0,0,0,0,0,17.32,0
new_file,07/17/2024 07:15:49.629755,0,0,0,0,0,0,0,0,0,0,0,0,0,0,17.68,0
new_file,07/17/2024 07:16:49.629755,0,0,0,0,0,0,0,0,0,0,0,0,0,0,18.85,0
new_file,07/17/2024 07:17:49.629755,0,0,0,0,0,0,0,0,0,0,0,0,0,0,17.03,0
new_file,07/17/2024 07:18:49.629755,0,0,0,0,0,0,0,0,0,0,0,0,0,0,18.73,0
new_file,07/17/2024 07:19:49.629755,0,0,0,0,0,0,0,0,0,0,0,0,0,0,19.17,0
new_file,07/17/2024 07:20:49.629755,0,0,0,0,0,0,0,0,0,0,0,0,0,0,17.33,0
new_file,07/17/2024 07:21:49.629755,0,0,0,0,0,0,0,0,0,0,0,0,0,0,19.18,0
new_file,07/17/2024 07:22:49.629755,0,0,0,0,0,0,0,0,0,0,0,0,0,0,19.46,0
new_file,07/17/2024 07:23:49.629755,0,0,0,0,0,0,0,0,0,0,0,0,0,0,19.34,0
new_file,07/17/2024 07:24:49.629755,0,0,0,0,0,0,0,0,0,0,0,0,0,0,16.18,0
new_file,07/17/2024 07:25:49.629755,0,0,0,0,0,0,0,0,0,0,0,0,0,0,17.26,0
new_file,07/17/2024 07:26:49.629755,0,0,0,0,0,0,0,0,0,0,0,0,0,0,17.98,0
new_file,07/17/2024 07:27:49.629755,0,0,0,0,0,0,0,0,0,0,0,0,0,0,16.86,0
new_file,07/17/2024 07:28:49.629755,0,0,0,0,0,0,0,0,0,0,0,0,0,0,16.49,0
new_file,07/17/2024 07:29:49.629755,0,0,0,0,0,0,0,0,0,0,0,0,0,0,16.99,0
new_file,07/17/2024 07:30:49.629755,0,0,0,0,0,0,0,0,0,0,0,0,0,0,17.37,0
new_file,07/17/2024 07:31:49.629755,0,0,0,0,0,0,0,0,0,0,0,0,0,0,19.09,0
new_file,07/17/2024 07:32:49.629755,0,0,0,0,0,0,0,0,0,0,0,0,0,0,16.15,0
new_file,07/17/2024 07:33:49.629755,0,0,0,0,0,0,0,0,0,0,0,0,0,0,17.85,0
new_file,07/17/2024 07:34:49.629755,0,0,0,0,0,0,0,0,0,0,0,0,0,0,19.44,0
new_file,07/17/2024 07:35:49.629755,0,0,0,0,0,0,0,0,0,0,0,0,0,0,18.26,0
new_file,07/17/2024 07:36:49.629755,0,0,0,0,0,0,0,0,0,0,0,0,0,0,17.46,0
new_file,07/17/2024 07:37:49.629755,0,0,0,0,0,0,0,0,0,0,0,0,0,0,17.02,0
new_file,07/17/2024 07:38:49.629755,0,0,0,0,0,0,0,0,0,0,0,0,0,0,19.1,0
new_file,07/17/2024 07:39:49.629755,0,0,0,0,0,0,0,0,0,0,0,0,0,0,19.52,0
new_file,07/17/2024 07:40:49.629755,0,0,0,0,0,0,0,0,0,0,0,0,0,0,19.49,0
new_file,07/17/2024 07:41:49.629755,0,0,0,0,0,0,0,0,0,0,0,0,0,0,17.97,0
new_file,07/17/2024 07:42:49.629755,0,0,0,0,0,0,0,0,0,0,0,0,0,0,16.36,0
new_file,07/17/2024 07:43:49.629755,0,0,0,0,0,0,0,0,0,0,0,0,0,0,18.04,0
new_file,07/17/2024 07:44:49.629755,0,0,0,0,0,0,0,0,0,0,0,0,0,0,16.45,0
new_file,07/17/2024 07:45:49.629755,0,0,0,0,0,0,0,0,0,0,0,0,0,0,16.12,0
new_file,07/17/2024 07:46:49.629755,0,0,0,0,0,0,0,0,0,0,0,0,0,0,18.45,0
new_file,07/17/2024 07:47:49.629755,0,0,0,0,0,0,0,0,0,0,0,0,0,0,17.63,0
new_file,07/17/2024 07:48:49.629755,0,0,0,0,0,0,0,0,0,0,0,0,0,0,17.31,0
new_file,07/17/2024 07:49:49.629755,0,0,0,0,0,0,0,0,0,0,0,0,0,0,19.17,0
new_file,07/17/2024 07:50:49.629755,0,0,0,0,0,0,0,0,0,0,0,0,0,0,19.91,0
new_file,07/17/2024 07:51:49.629755,0,0,0,0,0,0,0,0,0,0,0,0,0,0,17.72,0
new_file,07/17/2024 07:52:49.629755,0,0,0,0,0,0,0,0,0,0,0,0,0,0,17.25,0
new_file,07/17/2024 07:53:49.629755,0,0,0,0,0,0,0,0,0,0,0,0,0,0,17.07,0
new_file,07/17/2024 07:54:49.629755,0,0,0,0,0,0,0,0,0,0,0,0,0,0,16.75,0
new_file,07/17/2024 07:55:49.629755,0,0,0,0,0,0,0,0,0,0,0,0,0,0,16.64,0
new_file,07/17/2024 07:56:49.629755,0,0,0,0,0,0,0,0,0,0,0,0,0,0,16.42,0
new_file,07/17/2024 07:57:49.629755,0,0,0,0,0,0,0,0,0,0,0,0,0,0,17.36,0
new_file,07/17/2024 07:58:49.629755,0,0,0,0,0,0,0,0,0,0,0,0,0,0,16.04,0
new_file,07/17/2024 07:59:49.629755,0,0,0,0,0,0,0,0,0,0,0,0,0,0,17.05,0
new_file,07/17/2024 08:00:49.629755,0,0,0,0,0,0,0,0,0,0,0,0,0,0,17.87,0
new_file,07/17/2024 08:01:49.629755,0,0,0,0,0,0,0,0,0,0,0,0,0,0,19.87,0
new_file,07/17/2024 08:02:49.629755,0,0,0,0,0,0,0,0,0,0,0,0,0,0,18.98,0
new_file,07/17/2024 08:03:49.629755,0,0,0,0,0,0,0,0,0,0,0,0,0,0,19.21,0
new_file,07/17/2024 08:04:49.629755,0,0,0,0,0,0,0,0,0,0,0,0,0,0,19.86,0
new_file,07/17/2024 08:05:49.629755,0,0,0,0,0,0,0,0,0,0,0,0,0,0,17.13,0
new_file,07/17/2024 08:06:49.629755,0,0,0,0,0,0,0,0,0,0,0,0,0,0,16.82,0
new_file,07/17/2024 08:07:49.629755,0,0,0,0,0,0,0,0,0,0,0,0,0,0,19.85,0
new_file,07/17/2024 08:08:49.629755,0,0,0,0,0,0,0,0,0,0,0,0,0,0,19.76,0
new_file,07/17/2024 08:09:49.629755,0,0,0,0,0,0,0,0,0,0,0,0,0,0,17.5,0
new_file,07/17/2024 08:10:49.629755,0,0,0,0,0,0,0,0,0,0,0,0,0,0,18.52,0
new_file,07/17/2024 08:11:49.629755,0,0,0,0,0,0,0,0,0,0,0,0,0,0,19.67,0
new_file,07/17/2024 08:12:49.629755,0,0,0,0,0,0,0,0,0,0,0,0,0,0,18.41,0
new_file,07/17/2024 08:13:49.629755,0,0,0,0,0,0,0,0,0,0,0,0,0,0,17.19,0
new_file,07/17/2024 08:14:49.629755,0,0,0,0,0,0,0,0,0,0,0,0,0,0,18.13,0
new_file,07/17/2024 08:15:49.629755,0,0,0,0,0,0,0,0,0,0,0,0,0,0,18.22,0
new_file,07/17/2024 08:16:49.629755,0,0,0,0,0,0,0,0,0,0,0,0,0,0,17.92,0
new_file,07/17/2024 08:17:49.629755,0,0,0,0,0,0,0,0,0,0,0,0,0,0,17.38,0
new_file,07/17/2024 08:18:49.629755,0,0,0,0,0,0,0,0,0,0,0,0,0,0,16.17,0
new_file,07/17/2024 08:19:49.629755,0,0,0,0,0,0,0,0,0,0,0,0,0,0,19.09,0
new_file,07/17/2024 08:20:49.629755,0,0,0,0,0,0,0,0,0,0,0,0,0,0,16.7,0
new_file,07/17/2024 08:21:49.629755,0,0,0,0,0,0,0,0,0,0,0,0,0,0,17.94,0
new_file,07/17/2024 08:22:49.629755,0,0,0,0,0,0,0,0,0,0,0,0,0,0,17.27,0
new_file,07/17/2024 08:23:49.629755,0,0,0,0,0,0,0,0,0,0,0,0,0,0,19.79,0
new_file,07/17/2024 08:24:49.629755,0,0,0,0,0,0,0,0,0,0,0,0,0,0,18.87,0
new_file,07/17/2024 08:25:49.629755,0,0,0,0,0,0,0,0,0,0,0,0,0,0,19.07,0
new_file,07/17/2024 08:26:49.629755,0,0,0,0,0,0,0,0,0,0,0,0,0,0,17.74,0
new_file,07/17/2024 08:27:49.629755,0,0,0,0,0,0,0,0,0,0,0,0,0,0,17.05,0
new_file,07/17/2024 08:28:49.629755,0,0,0,0,0,0,0,0,0,0,0,0,0,0,18.37,0
new_file,07/17/2024 08:29:49.629755,0,0,0,0,0,0,0,0,0,0,0,0,0,0,19.93,0
new_file,07/17/2024 08:30:49.629755,0,0,0,0,0,0,0,0,0,0,0,0,0,0,16.1,0
new_file,07/17/2024 08:31:49.629755,0,0,0,0,0,0,0,0,0,0,0,0,0,0,17.26,0
new_file,07/17/2024 08:32:49.629755,0,0,0,0,0,0,0,0,0,0,0,0,0,0,17.69,0
new_file,07/17/2024 08:33:49.629755,0,0,0,0,0,0,0,0,0,0,0,0,0,0,17.35,0
new_file,07/17/2024 08:34:49.629755,0,0,0,0,0,0,0,0,0,0,0,0,0,0,18.2,0
new_file,07/17/2024 08:35:49.629755,0,0,0,0,0,0,0,0,0,0,0,0,0,0,16.8,0
new_file,07/17/2024 08:36:49.629755,0,0,0,0,0,0,0,0,0,0,0,0,0,0,17.99,0
new_file,07/17/2024 08:37:49.629755,0,0,0,0,0,0,0,0,0,0,0,0,0,0,17.68,0
new_file,07/17/2024 08:38:49.629755,0,0,0,0,0,0,0,0,0,0,0,0,0,0,19.96,0
new_file,07/17/2024 08:39:49.629755,0,0,0,0,0,0,0,0,0,0,0,0,0,0,19.51,0
new_file,07/17/2024 08:40:49.629755,0,0,0,0,0,0,0,0,0,0,0,0,0,0,19.82,0
new_file,07/17/2024 08:41:49.629755,0,0,0,0,0,0,0,0,0,0,0,0,0,0,18.15,0
new_file,07/17/2024 08:42:49.629755,0,0,0,0,0,0,0,0,0,0,0,0,0,0,19.96,0
new_file,07/17/2024 08:43:49.629755,0,0,0,0,0,0,0,0,0,0,0,0,0,0,19.12,0
new_file,07/17/2024 08:44:49.629755,0,0,0,0,0,0,0,0,0,0,0,0,0,0,16.42,0
